pair_id,subject,clip,comparison_type,distortion_type,video_a,video_b,level_a,level_b
0,0000,bmlmovi_walk,reference_vs_distorted,jitter,single/0000_bmlmovi_walk_reference.mp4,single/0000_bmlmovi_walk_jitter_mild.mp4,reference,mild
1,0000,bmlmovi_walk,reference_vs_distorted,jitter,single/0000_bmlmovi_walk_reference.mp4,single/0000_bmlmovi_walk_jitter_moderate.mp4,reference,moderate
2,0000,bmlmovi_walk,reference_vs_distorted,jitter,single/0000_bmlmovi_walk_jitter_severe.mp4,single/0000_bmlmovi_walk_reference.mp4,severe,reference
3,0000,bmlmovi_walk,reference_vs_distorted,joint_noise,single/0000_bmlmovi_walk_reference.mp4,single/0000_bmlmovi_walk_joint_noise_mild.mp4,reference,mild
4,0000,bmlmovi_walk,reference_vs_distorted,joint_noise,single/0000_bmlmovi_walk_joint_noise_moderate.mp4,single/0000_bmlmovi_walk_reference.mp4,moderate,reference
5,0000,bmlmovi_walk,reference_vs_distorted,joint_noise,single/0000_bmlmovi_walk_reference.mp4,single/0000_bmlmovi_walk_joint_noise_severe.mp4,reference,severe
6,0000,bmlmovi_walk,reference_vs_distorted,frame_drop,single/0000_bmlmovi_walk_reference.mp4,single/0000_bmlmovi_walk_frame_drop_mild.mp4,reference,mild
7,0000,bmlmovi_walk,reference_vs_distorted,frame_drop,single/0000_bmlmovi_walk_frame_drop_moderate.mp4,single/0000_bmlmovi_walk_reference.mp4,moderate,reference
8,0000,bmlmovi_walk,reference_vs_distorted,frame_drop,single/0000_bmlmovi_walk_reference.mp4,single/0000_bmlmovi_walk_frame_drop_severe.mp4,reference,severe
9,0000,bmlmovi_walk,reference_vs_distorted,smoothing,single/0000_bmlmovi_walk_reference.mp4,single/0000_bmlmovi_walk_smoothing_mild.mp4,reference,mild
10,0000,bmlmovi_walk,reference_vs_distorted,smoothing,single/0000_bmlmovi_walk_reference.mp4,single/0000_bmlmovi_walk_smoothing_moderate.mp4,reference,moderate
11,0000,bmlmovi_walk,reference_vs_distorted,smoothing,single/0000_bmlmovi_walk_reference.mp4,single/0000_bmlmovi_walk_smoothing_severe.mp4,reference,severe
12,0000,bmlmovi_walk,reference_vs_distorted,param_quantization,single/0000_bmlmovi_walk_reference.mp4,single/0000_bmlmovi_walk_param_quantization_mild.mp4,reference,mild
13,0000,bmlmovi_walk,reference_vs_distorted,param_quantization,single/0000_bmlmovi_walk_param_quantization_moderate.mp4,single/0000_bmlmovi_walk_reference.mp4,moderate,reference
14,0000,bmlmovi_walk,reference_vs_distorted,param_quantization,single/0000_bmlmovi_walk_reference.mp4,single/0000_bmlmovi_walk_param_quantization_severe.mp4,reference,severe
15,0000,bmlmovi_walk,reference_vs_distorted,vertex_quantization,single/0000_bmlmovi_walk_reference.mp4,single/0000_bmlmovi_walk_vertex_quantization_mild.mp4,reference,mild
16,0000,bmlmovi_walk,reference_vs_distorted,vertex_quantization,single/0000_bmlmovi_walk_vertex_quantization_moderate.mp4,single/0000_bmlmovi_walk_reference.mp4,moderate,reference
17,0000,bmlmovi_walk,reference_vs_distorted,vertex_quantization,single/0000_bmlmovi_walk_vertex_quantization_severe.mp4,single/0000_bmlmovi_walk_reference.mp4,severe,reference
18,0000,bmlmovi_walk,reference_vs_distorted,mesh_decimation,single/0000_bmlmovi_walk_mesh_decimation_mild.mp4,single/0000_bmlmovi_walk_reference.mp4,mild,reference
19,0000,bmlmovi_walk,reference_vs_distorted,mesh_decimation,single/0000_bmlmovi_walk_reference.mp4,single/0000_bmlmovi_walk_mesh_decimation_moderate.mp4,reference,moderate
20,0000,bmlmovi_walk,reference_vs_distorted,mesh_decimation,single/0000_bmlmovi_walk_mesh_decimation_severe.mp4,single/0000_bmlmovi_walk_reference.mp4,severe,reference
21,0000,bmlmovi_walk,reference_vs_distorted,texture_compression,single/0000_bmlmovi_walk_reference.mp4,single/0000_bmlmovi_walk_texture_compression_mild.mp4,reference,mild
22,0000,bmlmovi_walk,reference_vs_distorted,texture_compression,single/0000_bmlmovi_walk_texture_compression_moderate.mp4,single/0000_bmlmovi_walk_reference.mp4,moderate,reference
23,0000,bmlmovi_walk,reference_vs_distorted,texture_compression,single/0000_bmlmovi_walk_reference.mp4,single/0000_bmlmovi_walk_texture_compression_severe.mp4,reference,severe
24,0000,bmlmovi_walk,reference_vs_distorted,motion_blur,single/0000_bmlmovi_walk_reference.mp4,single/0000_bmlmovi_walk_motion_blur_mild.mp4,reference,mild
25,0000,bmlmovi_walk,reference_vs_distorted,motion_blur,single/0000_bmlmovi_walk_reference.mp4,single/0000_bmlmovi_walk_motion_blur_moderate.mp4,reference,moderate
26,0000,bmlmovi_walk,reference_vs_distorted,motion_blur,single/0000_bmlmovi_walk_reference.mp4,single/0000_bmlmovi_walk_motion_blur_severe.mp4,reference,severe
27,0000,bmlmovi_walk,adjacent_severity,jitter,single/0000_bmlmovi_walk_jitter_moderate.mp4,single/0000_bmlmovi_walk_jitter_mild.mp4,moderate,mild
28,0000,bmlmovi_walk,adjacent_severity,jitter,single/0000_bmlmovi_walk_jitter_moderate.mp4,single/0000_bmlmovi_walk_jitter_severe.mp4,moderate,severe
29,0000,bmlmovi_walk,adjacent_severity,joint_noise,single/0000_bmlmovi_walk_joint_noise_moderate.mp4,single/0000_bmlmovi_walk_joint_noise_mild.mp4,moderate,mild
30,0000,bmlmovi_walk,adjacent_severity,joint_noise,single/0000_bmlmovi_walk_joint_noise_severe.mp4,single/0000_bmlmovi_walk_joint_noise_moderate.mp4,severe,moderate
31,0000,bmlmovi_walk,adjacent_severity,frame_drop,single/0000_bmlmovi_walk_frame_drop_mild.mp4,single/0000_bmlmovi_walk_frame_drop_moderate.mp4,mild,moderate
32,0000,bmlmovi_walk,adjacent_severity,frame_drop,single/0000_bmlmovi_walk_frame_drop_severe.mp4,single/0000_bmlmovi_walk_frame_drop_moderate.mp4,severe,moderate
33,0000,bmlmovi_walk,adjacent_severity,smoothing,single/0000_bmlmovi_walk_smoothing_mild.mp4,single/0000_bmlmovi_walk_smoothing_moderate.mp4,mild,moderate
34,0000,bmlmovi_walk,adjacent_severity,smoothing,single/0000_bmlmovi_walk_smoothing_moderate.mp4,single/0000_bmlmovi_walk_smoothing_severe.mp4,moderate,severe
35,0000,bmlmovi_walk,adjacent_severity,param_quantization,single/0000_bmlmovi_walk_param_quantization_mild.mp4,single/0000_bmlmovi_walk_param_quantization_moderate.mp4,mild,moderate
36,0000,bmlmovi_walk,adjacent_severity,param_quantization,single/0000_bmlmovi_walk_param_quantization_severe.mp4,single/0000_bmlmovi_walk_param_quantization_moderate.mp4,severe,moderate
37,0000,bmlmovi_walk,adjacent_severity,vertex_quantization,single/0000_bmlmovi_walk_vertex_quantization_mild.mp4,single/0000_bmlmovi_walk_vertex_quantization_moderate.mp4,mild,moderate
38,0000,bmlmovi_walk,adjacent_severity,vertex_quantization,single/0000_bmlmovi_walk_vertex_quantization_moderate.mp4,single/0000_bmlmovi_walk_vertex_quantization_severe.mp4,moderate,severe
39,0000,bmlmovi_walk,adjacent_severity,mesh_decimation,single/0000_bmlmovi_walk_mesh_decimation_moderate.mp4,single/0000_bmlmovi_walk_mesh_decimation_mild.mp4,moderate,mild
40,0000,bmlmovi_walk,adjacent_severity,mesh_decimation,single/0000_bmlmovi_walk_mesh_decimation_moderate.mp4,single/0000_bmlmovi_walk_mesh_decimation_severe.mp4,moderate,severe
41,0000,bmlmovi_walk,adjacent_severity,texture_compression,single/0000_bmlmovi_walk_texture_compression_mild.mp4,single/0000_bmlmovi_walk_texture_compression_moderate.mp4,mild,moderate
42,0000,bmlmovi_walk,adjacent_severity,texture_compression,single/0000_bmlmovi_walk_texture_compression_severe.mp4,single/0000_bmlmovi_walk_texture_compression_moderate.mp4,severe,moderate
43,0000,bmlmovi_walk,adjacent_severity,motion_blur,single/0000_bmlmovi_walk_motion_blur_moderate.mp4,single/0000_bmlmovi_walk_motion_blur_mild.mp4,moderate,mild
44,0000,bmlmovi_walk,adjacent_severity,motion_blur,single/0000_bmlmovi_walk_motion_blur_moderate.mp4,single/0000_bmlmovi_walk_motion_blur_severe.mp4,moderate,severe
45,0000,bmlmovi_walk,reference_vs_mixed,jitter+texture_compression,mixed/0000_bmlmovi_walk_jitter+texture_compression_mild+mild.mp4,single/0000_bmlmovi_walk_reference.mp4,mild+mild,reference
46,0000,bmlmovi_walk,reference_vs_mixed,jitter+texture_compression,mixed/0000_bmlmovi_walk_jitter+texture_compression_severe+severe.mp4,single/0000_bmlmovi_walk_reference.mp4,severe+severe,reference
47,0000,bmlmovi_walk,reference_vs_mixed,frame_drop+mesh_decimation,mixed/0000_bmlmovi_walk_frame_drop+mesh_decimation_mild+mild.mp4,single/0000_bmlmovi_walk_reference.mp4,mild+mild,reference
48,0000,bmlmovi_walk,reference_vs_mixed,frame_drop+mesh_decimation,mixed/0000_bmlmovi_walk_frame_drop+mesh_decimation_severe+severe.mp4,single/0000_bmlmovi_walk_reference.mp4,severe+severe,reference
49,0000,bmlmovi_walk,reference_vs_mixed,joint_noise+vertex_quantization,single/0000_bmlmovi_walk_reference.mp4,mixed/0000_bmlmovi_walk_joint_noise+vertex_quantization_mild+mild.mp4,reference,mild+mild
50,0000,bmlmovi_walk,reference_vs_mixed,joint_noise+vertex_quantization,mixed/0000_bmlmovi_walk_joint_noise+vertex_quantization_severe+severe.mp4,single/0000_bmlmovi_walk_reference.mp4,severe+severe,reference
51,0000,bmlmovi_walk,reference_vs_mixed,smoothing+texture_compression,single/0000_bmlmovi_walk_reference.mp4,mixed/0000_bmlmovi_walk_smoothing+texture_compression_mild+mild.mp4,reference,mild+mild
52,0000,bmlmovi_walk,reference_vs_mixed,smoothing+texture_compression,single/0000_bmlmovi_walk_reference.mp4,mixed/0000_bmlmovi_walk_smoothing+texture_compression_severe+severe.mp4,reference,severe+severe
53,0000,bmlmovi_walk,reference_vs_mixed,param_quantization+mesh_decimation,mixed/0000_bmlmovi_walk_param_quantization+mesh_decimation_mild+mild.mp4,single/0000_bmlmovi_walk_reference.mp4,mild+mild,reference
54,0000,bmlmovi_walk,reference_vs_mixed,param_quantization+mesh_decimation,single/0000_bmlmovi_walk_reference.mp4,mixed/0000_bmlmovi_walk_param_quantization+mesh_decimation_severe+severe.mp4,reference,severe+severe
55,0000,bmlmovi_walk,reference_vs_mixed,motion_blur+vertex_quantization,single/0000_bmlmovi_walk_reference.mp4,mixed/0000_bmlmovi_walk_motion_blur+vertex_quantization_mild+mild.mp4,reference,mild+mild
56,0000,bmlmovi_walk,reference_vs_mixed,motion_blur+vertex_quantization,single/0000_bmlmovi_walk_reference.mp4,mixed/0000_bmlmovi_walk_motion_blur+vertex_quantization_severe+severe.mp4,reference,severe+severe
57,0000,front_kick,reference_vs_distorted,jitter,single/0000_front_kick_jitter_mild.mp4,single/0000_front_kick_reference.mp4,mild,reference
58,0000,front_kick,reference_vs_distorted,jitter,single/0000_front_kick_jitter_moderate.mp4,single/0000_front_kick_reference.mp4,moderate,reference
59,0000,front_kick,reference_vs_distorted,jitter,single/0000_front_kick_jitter_severe.mp4,single/0000_front_kick_reference.mp4,severe,reference
60,0000,front_kick,reference_vs_distorted,joint_noise,single/0000_front_kick_joint_noise_mild.mp4,single/0000_front_kick_reference.mp4,mild,reference
61,0000,front_kick,reference_vs_distorted,joint_noise,single/0000_front_kick_reference.mp4,single/0000_front_kick_joint_noise_moderate.mp4,reference,moderate
62,0000,front_kick,reference_vs_distorted,joint_noise,single/0000_front_kick_joint_noise_severe.mp4,single/0000_front_kick_reference.mp4,severe,reference
63,0000,front_kick,reference_vs_distorted,frame_drop,single/0000_front_kick_frame_drop_mild.mp4,single/0000_front_kick_reference.mp4,mild,reference
64,0000,front_kick,reference_vs_distorted,frame_drop,single/0000_front_kick_frame_drop_moderate.mp4,single/0000_front_kick_reference.mp4,moderate,reference
65,0000,front_kick,reference_vs_distorted,frame_drop,single/0000_front_kick_reference.mp4,single/0000_front_kick_frame_drop_severe.mp4,reference,severe
66,0000,front_kick,reference_vs_distorted,smoothing,single/0000_front_kick_smoothing_mild.mp4,single/0000_front_kick_reference.mp4,mild,reference
67,0000,front_kick,reference_vs_distorted,smoothing,single/0000_front_kick_smoothing_moderate.mp4,single/0000_front_kick_reference.mp4,moderate,reference
68,0000,front_kick,reference_vs_distorted,smoothing,single/0000_front_kick_reference.mp4,single/0000_front_kick_smoothing_severe.mp4,reference,severe
69,0000,front_kick,reference_vs_distorted,param_quantization,single/0000_front_kick_param_quantization_mild.mp4,single/0000_front_kick_reference.mp4,mild,reference
70,0000,front_kick,reference_vs_distorted,param_quantization,single/0000_front_kick_reference.mp4,single/0000_front_kick_param_quantization_moderate.mp4,reference,moderate
71,0000,front_kick,reference_vs_distorted,param_quantization,single/0000_front_kick_param_quantization_severe.mp4,single/0000_front_kick_reference.mp4,severe,reference
72,0000,front_kick,reference_vs_distorted,vertex_quantization,single/0000_front_kick_vertex_quantization_mild.mp4,single/0000_front_kick_reference.mp4,mild,reference
73,0000,front_kick,reference_vs_distorted,vertex_quantization,single/0000_front_kick_vertex_quantization_moderate.mp4,single/0000_front_kick_reference.mp4,moderate,reference
74,0000,front_kick,reference_vs_distorted,vertex_quantization,single/0000_front_kick_vertex_quantization_severe.mp4,single/0000_front_kick_reference.mp4,severe,reference
75,0000,front_kick,reference_vs_distorted,mesh_decimation,single/0000_front_kick_reference.mp4,single/0000_front_kick_mesh_decimation_mild.mp4,reference,mild
76,0000,front_kick,reference_vs_distorted,mesh_decimation,single/0000_front_kick_reference.mp4,single/0000_front_kick_mesh_decimation_moderate.mp4,reference,moderate
77,0000,front_kick,reference_vs_distorted,mesh_decimation,single/0000_front_kick_mesh_decimation_severe.mp4,single/0000_front_kick_reference.mp4,severe,reference
78,0000,front_kick,reference_vs_distorted,texture_compression,single/0000_front_kick_reference.mp4,single/0000_front_kick_texture_compression_mild.mp4,reference,mild
79,0000,front_kick,reference_vs_distorted,texture_compression,single/0000_front_kick_reference.mp4,single/0000_front_kick_texture_compression_moderate.mp4,reference,moderate
80,0000,front_kick,reference_vs_distorted,texture_compression,single/0000_front_kick_reference.mp4,single/0000_front_kick_texture_compression_severe.mp4,reference,severe
81,0000,front_kick,reference_vs_distorted,motion_blur,single/0000_front_kick_reference.mp4,single/0000_front_kick_motion_blur_mild.mp4,reference,mild
82,0000,front_kick,reference_vs_distorted,motion_blur,single/0000_front_kick_reference.mp4,single/0000_front_kick_motion_blur_moderate.mp4,reference,moderate
83,0000,front_kick,reference_vs_distorted,motion_blur,single/0000_front_kick_motion_blur_severe.mp4,single/0000_front_kick_reference.mp4,severe,reference
84,0000,front_kick,adjacent_severity,jitter,single/0000_front_kick_jitter_mild.mp4,single/0000_front_kick_jitter_moderate.mp4,mild,moderate
85,0000,front_kick,adjacent_severity,jitter,single/0000_front_kick_jitter_moderate.mp4,single/0000_front_kick_jitter_severe.mp4,moderate,severe
86,0000,front_kick,adjacent_severity,joint_noise,single/0000_front_kick_joint_noise_mild.mp4,single/0000_front_kick_joint_noise_moderate.mp4,mild,moderate
87,0000,front_kick,adjacent_severity,joint_noise,single/0000_front_kick_joint_noise_severe.mp4,single/0000_front_kick_joint_noise_moderate.mp4,severe,moderate
88,0000,front_kick,adjacent_severity,frame_drop,single/0000_front_kick_frame_drop_mild.mp4,single/0000_front_kick_frame_drop_moderate.mp4,mild,moderate
89,0000,front_kick,adjacent_severity,frame_drop,single/0000_front_kick_frame_drop_moderate.mp4,single/0000_front_kick_frame_drop_severe.mp4,moderate,severe
90,0000,front_kick,adjacent_severity,smoothing,single/0000_front_kick_smoothing_moderate.mp4,single/0000_front_kick_smoothing_mild.mp4,moderate,mild
91,0000,front_kick,adjacent_severity,smoothing,single/0000_front_kick_smoothing_severe.mp4,single/0000_front_kick_smoothing_moderate.mp4,severe,moderate
92,0000,front_kick,adjacent_severity,param_quantization,single/0000_front_kick_param_quantization_moderate.mp4,single/0000_front_kick_param_quantization_mild.mp4,moderate,mild
93,0000,front_kick,adjacent_severity,param_quantization,single/0000_front_kick_param_quantization_severe.mp4,single/0000_front_kick_param_quantization_moderate.mp4,severe,moderate
94,0000,front_kick,adjacent_severity,vertex_quantization,single/0000_front_kick_vertex_quantization_mild.mp4,single/0000_front_kick_vertex_quantization_moderate.mp4,mild,moderate
95,0000,front_kick,adjacent_severity,vertex_quantization,single/0000_front_kick_vertex_quantization_moderate.mp4,single/0000_front_kick_vertex_quantization_severe.mp4,moderate,severe
96,0000,front_kick,adjacent_severity,mesh_decimation,single/0000_front_kick_mesh_decimation_mild.mp4,single/0000_front_kick_mesh_decimation_moderate.mp4,mild,moderate
97,0000,front_kick,adjacent_severity,mesh_decimation,single/0000_front_kick_mesh_decimation_severe.mp4,single/0000_front_kick_mesh_decimation_moderate.mp4,severe,moderate
98,0000,front_kick,adjacent_severity,texture_compression,single/0000_front_kick_texture_compression_moderate.mp4,single/0000_front_kick_texture_compression_mild.mp4,moderate,mild
99,0000,front_kick,adjacent_severity,texture_compression,single/0000_front_kick_texture_compression_moderate.mp4,single/0000_front_kick_texture_compression_severe.mp4,moderate,severe
100,0000,front_kick,adjacent_severity,motion_blur,single/0000_front_kick_motion_blur_mild.mp4,single/0000_front_kick_motion_blur_moderate.mp4,mild,moderate
101,0000,front_kick,adjacent_severity,motion_blur,single/0000_front_kick_motion_blur_moderate.mp4,single/0000_front_kick_motion_blur_severe.mp4,moderate,severe
102,0000,front_kick,reference_vs_mixed,jitter+texture_compression,single/0000_front_kick_reference.mp4,mixed/0000_front_kick_jitter+texture_compression_mild+mild.mp4,reference,mild+mild
103,0000,front_kick,reference_vs_mixed,jitter+texture_compression,single/0000_front_kick_reference.mp4,mixed/0000_front_kick_jitter+texture_compression_severe+severe.mp4,reference,severe+severe
104,0000,front_kick,reference_vs_mixed,frame_drop+mesh_decimation,mixed/0000_front_kick_frame_drop+mesh_decimation_mild+mild.mp4,single/0000_front_kick_reference.mp4,mild+mild,reference
105,0000,front_kick,reference_vs_mixed,frame_drop+mesh_decimation,single/0000_front_kick_reference.mp4,mixed/0000_front_kick_frame_drop+mesh_decimation_severe+severe.mp4,reference,severe+severe
106,0000,front_kick,reference_vs_mixed,joint_noise+vertex_quantization,single/0000_front_kick_reference.mp4,mixed/0000_front_kick_joint_noise+vertex_quantization_mild+mild.mp4,reference,mild+mild
107,0000,front_kick,reference_vs_mixed,joint_noise+vertex_quantization,single/0000_front_kick_reference.mp4,mixed/0000_front_kick_joint_noise+vertex_quantization_severe+severe.mp4,reference,severe+severe
108,0000,front_kick,reference_vs_mixed,smoothing+texture_compression,single/0000_front_kick_reference.mp4,mixed/0000_front_kick_smoothing+texture_compression_mild+mild.mp4,reference,mild+mild
109,0000,front_kick,reference_vs_mixed,smoothing+texture_compression,mixed/0000_front_kick_smoothing+texture_compression_severe+severe.mp4,single/0000_front_kick_reference.mp4,severe+severe,reference
110,0000,front_kick,reference_vs_mixed,param_quantization+mesh_decimation,mixed/0000_front_kick_param_quantization+mesh_decimation_mild+mild.mp4,single/0000_front_kick_reference.mp4,mild+mild,reference
111,0000,front_kick,reference_vs_mixed,param_quantization+mesh_decimation,mixed/0000_front_kick_param_quantization+mesh_decimation_severe+severe.mp4,single/0000_front_kick_reference.mp4,severe+severe,reference
112,0000,front_kick,reference_vs_mixed,motion_blur+vertex_quantization,mixed/0000_front_kick_motion_blur+vertex_quantization_mild+mild.mp4,single/0000_front_kick_reference.mp4,mild+mild,reference
113,0000,front_kick,reference_vs_mixed,motion_blur+vertex_quantization,mixed/0000_front_kick_motion_blur+vertex_quantization_severe+severe.mp4,single/0000_front_kick_reference.mp4,severe+severe,reference
114,0000,pickup_box,reference_vs_distorted,jitter,single/0000_pickup_box_jitter_mild.mp4,single/0000_pickup_box_reference.mp4,mild,reference
115,0000,pickup_box,reference_vs_distorted,jitter,single/0000_pickup_box_reference.mp4,single/0000_pickup_box_jitter_moderate.mp4,reference,moderate
116,0000,pickup_box,reference_vs_distorted,jitter,single/0000_pickup_box_jitter_severe.mp4,single/0000_pickup_box_reference.mp4,severe,reference
117,0000,pickup_box,reference_vs_distorted,joint_noise,single/0000_pickup_box_joint_noise_mild.mp4,single/0000_pickup_box_reference.mp4,mild,reference
118,0000,pickup_box,reference_vs_distorted,joint_noise,single/0000_pickup_box_joint_noise_moderate.mp4,single/0000_pickup_box_reference.mp4,moderate,reference
119,0000,pickup_box,reference_vs_distorted,joint_noise,single/0000_pickup_box_joint_noise_severe.mp4,single/0000_pickup_box_reference.mp4,severe,reference
120,0000,pickup_box,reference_vs_distorted,frame_drop,single/0000_pickup_box_reference.mp4,single/0000_pickup_box_frame_drop_mild.mp4,reference,mild
121,0000,pickup_box,reference_vs_distorted,frame_drop,single/0000_pickup_box_reference.mp4,single/0000_pickup_box_frame_drop_moderate.mp4,reference,moderate
122,0000,pickup_box,reference_vs_distorted,frame_drop,single/0000_pickup_box_reference.mp4,single/0000_pickup_box_frame_drop_severe.mp4,reference,severe
123,0000,pickup_box,reference_vs_distorted,smoothing,single/0000_pickup_box_smoothing_mild.mp4,single/0000_pickup_box_reference.mp4,mild,reference
124,0000,pickup_box,reference_vs_distorted,smoothing,single/0000_pickup_box_reference.mp4,single/0000_pickup_box_smoothing_moderate.mp4,reference,moderate
125,0000,pickup_box,reference_vs_distorted,smoothing,single/0000_pickup_box_reference.mp4,single/0000_pickup_box_smoothing_severe.mp4,reference,severe
126,0000,pickup_box,reference_vs_distorted,param_quantization,single/0000_pickup_box_reference.mp4,single/0000_pickup_box_param_quantization_mild.mp4,reference,mild
127,0000,pickup_box,reference_vs_distorted,param_quantization,single/0000_pickup_box_reference.mp4,single/0000_pickup_box_param_quantization_moderate.mp4,reference,moderate
128,0000,pickup_box,reference_vs_distorted,param_quantization,single/0000_pickup_box_reference.mp4,single/0000_pickup_box_param_quantization_severe.mp4,reference,severe
129,0000,pickup_box,reference_vs_distorted,vertex_quantization,single/0000_pickup_box_reference.mp4,single/0000_pickup_box_vertex_quantization_mild.mp4,reference,mild
130,0000,pickup_box,reference_vs_distorted,vertex_quantization,single/0000_pickup_box_reference.mp4,single/0000_pickup_box_vertex_quantization_moderate.mp4,reference,moderate
131,0000,pickup_box,reference_vs_distorted,vertex_quantization,single/0000_pickup_box_reference.mp4,single/0000_pickup_box_vertex_quantization_severe.mp4,reference,severe
132,0000,pickup_box,reference_vs_distorted,mesh_decimation,single/0000_pickup_box_reference.mp4,single/0000_pickup_box_mesh_decimation_mild.mp4,reference,mild
133,0000,pickup_box,reference_vs_distorted,mesh_decimation,single/0000_pickup_box_reference.mp4,single/0000_pickup_box_mesh_decimation_moderate.mp4,reference,moderate
134,0000,pickup_box,reference_vs_distorted,mesh_decimation,single/0000_pickup_box_reference.mp4,single/0000_pickup_box_mesh_decimation_severe.mp4,reference,severe
135,0000,pickup_box,reference_vs_distorted,texture_compression,single/0000_pickup_box_texture_compression_mild.mp4,single/0000_pickup_box_reference.mp4,mild,reference
136,0000,pickup_box,reference_vs_distorted,texture_compression,single/0000_pickup_box_texture_compression_moderate.mp4,single/0000_pickup_box_reference.mp4,moderate,reference
137,0000,pickup_box,reference_vs_distorted,texture_compression,single/0000_pickup_box_reference.mp4,single/0000_pickup_box_texture_compression_severe.mp4,reference,severe
138,0000,pickup_box,reference_vs_distorted,motion_blur,single/0000_pickup_box_reference.mp4,single/0000_pickup_box_motion_blur_mild.mp4,reference,mild
139,0000,pickup_box,reference_vs_distorted,motion_blur,single/0000_pickup_box_reference.mp4,single/0000_pickup_box_motion_blur_moderate.mp4,reference,moderate
140,0000,pickup_box,reference_vs_distorted,motion_blur,single/0000_pickup_box_reference.mp4,single/0000_pickup_box_motion_blur_severe.mp4,reference,severe
141,0000,pickup_box,adjacent_severity,jitter,single/0000_pickup_box_jitter_mild.mp4,single/0000_pickup_box_jitter_moderate.mp4,mild,moderate
142,0000,pickup_box,adjacent_severity,jitter,single/0000_pickup_box_jitter_severe.mp4,single/0000_pickup_box_jitter_moderate.mp4,severe,moderate
143,0000,pickup_box,adjacent_severity,joint_noise,single/0000_pickup_box_joint_noise_moderate.mp4,single/0000_pickup_box_joint_noise_mild.mp4,moderate,mild
144,0000,pickup_box,adjacent_severity,joint_noise,single/0000_pickup_box_joint_noise_moderate.mp4,single/0000_pickup_box_joint_noise_severe.mp4,moderate,severe
145,0000,pickup_box,adjacent_severity,frame_drop,single/0000_pickup_box_frame_drop_mild.mp4,single/0000_pickup_box_frame_drop_moderate.mp4,mild,moderate
146,0000,pickup_box,adjacent_severity,frame_drop,single/0000_pickup_box_frame_drop_moderate.mp4,single/0000_pickup_box_frame_drop_severe.mp4,moderate,severe
147,0000,pickup_box,adjacent_severity,smoothing,single/0000_pickup_box_smoothing_mild.mp4,single/0000_pickup_box_smoothing_moderate.mp4,mild,moderate
148,0000,pickup_box,adjacent_severity,smoothing,single/0000_pickup_box_smoothing_moderate.mp4,single/0000_pickup_box_smoothing_severe.mp4,moderate,severe
149,0000,pickup_box,adjacent_severity,param_quantization,single/0000_pickup_box_param_quantization_mild.mp4,single/0000_pickup_box_param_quantization_moderate.mp4,mild,moderate
150,0000,pickup_box,adjacent_severity,param_quantization,single/0000_pickup_box_param_quantization_severe.mp4,single/0000_pickup_box_param_quantization_moderate.mp4,severe,moderate
151,0000,pickup_box,adjacent_severity,vertex_quantization,single/0000_pickup_box_vertex_quantization_mild.mp4,single/0000_pickup_box_vertex_quantization_moderate.mp4,mild,moderate
152,0000,pickup_box,adjacent_severity,vertex_quantization,single/0000_pickup_box_vertex_quantization_moderate.mp4,single/0000_pickup_box_vertex_quantization_severe.mp4,moderate,severe
153,0000,pickup_box,adjacent_severity,mesh_decimation,single/0000_pickup_box_mesh_decimation_moderate.mp4,single/0000_pickup_box_mesh_decimation_mild.mp4,moderate,mild
154,0000,pickup_box,adjacent_severity,mesh_decimation,single/0000_pickup_box_mesh_decimation_severe.mp4,single/0000_pickup_box_mesh_decimation_moderate.mp4,severe,moderate
155,0000,pickup_box,adjacent_severity,texture_compression,single/0000_pickup_box_texture_compression_mild.mp4,single/0000_pickup_box_texture_compression_moderate.mp4,mild,moderate
156,0000,pickup_box,adjacent_severity,texture_compression,single/0000_pickup_box_texture_compression_severe.mp4,single/0000_pickup_box_texture_compression_moderate.mp4,severe,moderate
157,0000,pickup_box,adjacent_severity,motion_blur,single/0000_pickup_box_motion_blur_mild.mp4,single/0000_pickup_box_motion_blur_moderate.mp4,mild,moderate
158,0000,pickup_box,adjacent_severity,motion_blur,single/0000_pickup_box_motion_blur_severe.mp4,single/0000_pickup_box_motion_blur_moderate.mp4,severe,moderate
159,0000,pickup_box,reference_vs_mixed,jitter+texture_compression,mixed/0000_pickup_box_jitter+texture_compression_mild+mild.mp4,single/0000_pickup_box_reference.mp4,mild+mild,reference
160,0000,pickup_box,reference_vs_mixed,jitter+texture_compression,mixed/0000_pickup_box_jitter+texture_compression_severe+severe.mp4,single/0000_pickup_box_reference.mp4,severe+severe,reference
161,0000,pickup_box,reference_vs_mixed,frame_drop+mesh_decimation,mixed/0000_pickup_box_frame_drop+mesh_decimation_mild+mild.mp4,single/0000_pickup_box_reference.mp4,mild+mild,reference
162,0000,pickup_box,reference_vs_mixed,frame_drop+mesh_decimation,single/0000_pickup_box_reference.mp4,mixed/0000_pickup_box_frame_drop+mesh_decimation_severe+severe.mp4,reference,severe+severe
163,0000,pickup_box,reference_vs_mixed,joint_noise+vertex_quantization,single/0000_pickup_box_reference.mp4,mixed/0000_pickup_box_joint_noise+vertex_quantization_mild+mild.mp4,reference,mild+mild
164,0000,pickup_box,reference_vs_mixed,joint_noise+vertex_quantization,single/0000_pickup_box_reference.mp4,mixed/0000_pickup_box_joint_noise+vertex_quantization_severe+severe.mp4,reference,severe+severe
165,0000,pickup_box,reference_vs_mixed,smoothing+texture_compression,mixed/0000_pickup_box_smoothing+texture_compression_mild+mild.mp4,single/0000_pickup_box_reference.mp4,mild+mild,reference
166,0000,pickup_box,reference_vs_mixed,smoothing+texture_compression,mixed/0000_pickup_box_smoothing+texture_compression_severe+severe.mp4,single/0000_pickup_box_reference.mp4,severe+severe,reference
167,0000,pickup_box,reference_vs_mixed,param_quantization+mesh_decimation,mixed/0000_pickup_box_param_quantization+mesh_decimation_mild+mild.mp4,single/0000_pickup_box_reference.mp4,mild+mild,reference
168,0000,pickup_box,reference_vs_mixed,param_quantization+mesh_decimation,single/0000_pickup_box_reference.mp4,mixed/0000_pickup_box_param_quantization+mesh_decimation_severe+severe.mp4,reference,severe+severe
169,0000,pickup_box,reference_vs_mixed,motion_blur+vertex_quantization,single/0000_pickup_box_reference.mp4,mixed/0000_pickup_box_motion_blur+vertex_quantization_mild+mild.mp4,reference,mild+mild
170,0000,pickup_box,reference_vs_mixed,motion_blur+vertex_quantization,mixed/0000_pickup_box_motion_blur+vertex_quantization_severe+severe.mp4,single/0000_pickup_box_reference.mp4,severe+severe,reference
171,0000,run,reference_vs_distorted,jitter,single/0000_run_jitter_mild.mp4,single/0000_run_reference.mp4,mild,reference
172,0000,run,reference_vs_distorted,jitter,single/0000_run_jitter_moderate.mp4,single/0000_run_reference.mp4,moderate,reference
173,0000,run,reference_vs_distorted,jitter,single/0000_run_jitter_severe.mp4,single/0000_run_reference.mp4,severe,reference
174,0000,run,reference_vs_distorted,joint_noise,single/0000_run_joint_noise_mild.mp4,single/0000_run_reference.mp4,mild,reference
175,0000,run,reference_vs_distorted,joint_noise,single/0000_run_joint_noise_moderate.mp4,single/0000_run_reference.mp4,moderate,reference
176,0000,run,reference_vs_distorted,joint_noise,single/0000_run_reference.mp4,single/0000_run_joint_noise_severe.mp4,reference,severe
177,0000,run,reference_vs_distorted,frame_drop,single/0000_run_frame_drop_mild.mp4,single/0000_run_reference.mp4,mild,reference
178,0000,run,reference_vs_distorted,frame_drop,single/0000_run_reference.mp4,single/0000_run_frame_drop_moderate.mp4,reference,moderate
179,0000,run,reference_vs_distorted,frame_drop,single/0000_run_reference.mp4,single/0000_run_frame_drop_severe.mp4,reference,severe
180,0000,run,reference_vs_distorted,smoothing,single/0000_run_reference.mp4,single/0000_run_smoothing_mild.mp4,reference,mild
181,0000,run,reference_vs_distorted,smoothing,single/0000_run_reference.mp4,single/0000_run_smoothing_moderate.mp4,reference,moderate
182,0000,run,reference_vs_distorted,smoothing,single/0000_run_reference.mp4,single/0000_run_smoothing_severe.mp4,reference,severe
183,0000,run,reference_vs_distorted,param_quantization,single/0000_run_param_quantization_mild.mp4,single/0000_run_reference.mp4,mild,reference
184,0000,run,reference_vs_distorted,param_quantization,single/0000_run_param_quantization_moderate.mp4,single/0000_run_reference.mp4,moderate,reference
185,0000,run,reference_vs_distorted,param_quantization,single/0000_run_reference.mp4,single/0000_run_param_quantization_severe.mp4,reference,severe
186,0000,run,reference_vs_distorted,vertex_quantization,single/0000_run_vertex_quantization_mild.mp4,single/0000_run_reference.mp4,mild,reference
187,0000,run,reference_vs_distorted,vertex_quantization,single/0000_run_vertex_quantization_moderate.mp4,single/0000_run_reference.mp4,moderate,reference
188,0000,run,reference_vs_distorted,vertex_quantization,single/0000_run_vertex_quantization_severe.mp4,single/0000_run_reference.mp4,severe,reference
189,0000,run,reference_vs_distorted,mesh_decimation,single/0000_run_reference.mp4,single/0000_run_mesh_decimation_mild.mp4,reference,mild
190,0000,run,reference_vs_distorted,mesh_decimation,single/0000_run_reference.mp4,single/0000_run_mesh_decimation_moderate.mp4,reference,moderate
191,0000,run,reference_vs_distorted,mesh_decimation,single/0000_run_reference.mp4,single/0000_run_mesh_decimation_severe.mp4,reference,severe
192,0000,run,reference_vs_distorted,texture_compression,single/0000_run_reference.mp4,single/0000_run_texture_compression_mild.mp4,reference,mild
193,0000,run,reference_vs_distorted,texture_compression,single/0000_run_reference.mp4,single/0000_run_texture_compression_moderate.mp4,reference,moderate
194,0000,run,reference_vs_distorted,texture_compression,single/0000_run_texture_compression_severe.mp4,single/0000_run_reference.mp4,severe,reference
195,0000,run,reference_vs_distorted,motion_blur,single/0000_run_motion_blur_mild.mp4,single/0000_run_reference.mp4,mild,reference
196,0000,run,reference_vs_distorted,motion_blur,single/0000_run_motion_blur_moderate.mp4,single/0000_run_reference.mp4,moderate,reference
197,0000,run,reference_vs_distorted,motion_blur,single/0000_run_reference.mp4,single/0000_run_motion_blur_severe.mp4,reference,severe
198,0000,run,adjacent_severity,jitter,single/0000_run_jitter_moderate.mp4,single/0000_run_jitter_mild.mp4,moderate,mild
199,0000,run,adjacent_severity,jitter,single/0000_run_jitter_severe.mp4,single/0000_run_jitter_moderate.mp4,severe,moderate
200,0000,run,adjacent_severity,joint_noise,single/0000_run_joint_noise_mild.mp4,single/0000_run_joint_noise_moderate.mp4,mild,moderate
201,0000,run,adjacent_severity,joint_noise,single/0000_run_joint_noise_severe.mp4,single/0000_run_joint_noise_moderate.mp4,severe,moderate
202,0000,run,adjacent_severity,frame_drop,single/0000_run_frame_drop_moderate.mp4,single/0000_run_frame_drop_mild.mp4,moderate,mild
203,0000,run,adjacent_severity,frame_drop,single/0000_run_frame_drop_severe.mp4,single/0000_run_frame_drop_moderate.mp4,severe,moderate
204,0000,run,adjacent_severity,smoothing,single/0000_run_smoothing_moderate.mp4,single/0000_run_smoothing_mild.mp4,moderate,mild
205,0000,run,adjacent_severity,smoothing,single/0000_run_smoothing_moderate.mp4,single/0000_run_smoothing_severe.mp4,moderate,severe
206,0000,run,adjacent_severity,param_quantization,single/0000_run_param_quantization_mild.mp4,single/0000_run_param_quantization_moderate.mp4,mild,moderate
207,0000,run,adjacent_severity,param_quantization,single/0000_run_param_quantization_severe.mp4,single/0000_run_param_quantization_moderate.mp4,severe,moderate
208,0000,run,adjacent_severity,vertex_quantization,single/0000_run_vertex_quantization_mild.mp4,single/0000_run_vertex_quantization_moderate.mp4,mild,moderate
209,0000,run,adjacent_severity,vertex_quantization,single/0000_run_vertex_quantization_severe.mp4,single/0000_run_vertex_quantization_moderate.mp4,severe,moderate
210,0000,run,adjacent_severity,mesh_decimation,single/0000_run_mesh_decimation_moderate.mp4,single/0000_run_mesh_decimation_mild.mp4,moderate,mild
211,0000,run,adjacent_severity,mesh_decimation,single/0000_run_mesh_decimation_moderate.mp4,single/0000_run_mesh_decimation_severe.mp4,moderate,severe
212,0000,run,adjacent_severity,texture_compression,single/0000_run_texture_compression_mild.mp4,single/0000_run_texture_compression_moderate.mp4,mild,moderate
213,0000,run,adjacent_severity,texture_compression,single/0000_run_texture_compression_severe.mp4,single/0000_run_texture_compression_moderate.mp4,severe,moderate
214,0000,run,adjacent_severity,motion_blur,single/0000_run_motion_blur_moderate.mp4,single/0000_run_motion_blur_mild.mp4,moderate,mild
215,0000,run,adjacent_severity,motion_blur,single/0000_run_motion_blur_moderate.mp4,single/0000_run_motion_blur_severe.mp4,moderate,severe
216,0000,run,reference_vs_mixed,jitter+texture_compression,single/0000_run_reference.mp4,mixed/0000_run_jitter+texture_compression_mild+mild.mp4,reference,mild+mild
217,0000,run,reference_vs_mixed,jitter+texture_compression,single/0000_run_reference.mp4,mixed/0000_run_jitter+texture_compression_severe+severe.mp4,reference,severe+severe
218,0000,run,reference_vs_mixed,frame_drop+mesh_decimation,mixed/0000_run_frame_drop+mesh_decimation_mild+mild.mp4,single/0000_run_reference.mp4,mild+mild,reference
219,0000,run,reference_vs_mixed,frame_drop+mesh_decimation,mixed/0000_run_frame_drop+mesh_decimation_severe+severe.mp4,single/0000_run_reference.mp4,severe+severe,reference
220,0000,run,reference_vs_mixed,joint_noise+vertex_quantization,single/0000_run_reference.mp4,mixed/0000_run_joint_noise+vertex_quantization_mild+mild.mp4,reference,mild+mild
221,0000,run,reference_vs_mixed,joint_noise+vertex_quantization,mixed/0000_run_joint_noise+vertex_quantization_severe+severe.mp4,single/0000_run_reference.mp4,severe+severe,reference
222,0000,run,reference_vs_mixed,smoothing+texture_compression,mixed/0000_run_smoothing+texture_compression_mild+mild.mp4,single/0000_run_reference.mp4,mild+mild,reference
223,0000,run,reference_vs_mixed,smoothing+texture_compression,mixed/0000_run_smoothing+texture_compression_severe+severe.mp4,single/0000_run_reference.mp4,severe+severe,reference
224,0000,run,reference_vs_mixed,param_quantization+mesh_decimation,single/0000_run_reference.mp4,mixed/0000_run_param_quantization+mesh_decimation_mild+mild.mp4,reference,mild+mild
225,0000,run,reference_vs_mixed,param_quantization+mesh_decimation,mixed/0000_run_param_quantization+mesh_decimation_severe+severe.mp4,single/0000_run_reference.mp4,severe+severe,reference
226,0000,run,reference_vs_mixed,motion_blur+vertex_quantization,single/0000_run_reference.mp4,mixed/0000_run_motion_blur+vertex_quantization_mild+mild.mp4,reference,mild+mild
227,0000,run,reference_vs_mixed,motion_blur+vertex_quantization,single/0000_run_reference.mp4,mixed/0000_run_motion_blur+vertex_quantization_severe+severe.mp4,reference,severe+severe
228,0000,walk,reference_vs_distorted,jitter,single/0000_walk_jitter_mild.mp4,single/0000_walk_reference.mp4,mild,reference
229,0000,walk,reference_vs_distorted,jitter,single/0000_walk_jitter_moderate.mp4,single/0000_walk_reference.mp4,moderate,reference
230,0000,walk,reference_vs_distorted,jitter,single/0000_walk_jitter_severe.mp4,single/0000_walk_reference.mp4,severe,reference
231,0000,walk,reference_vs_distorted,joint_noise,single/0000_walk_joint_noise_mild.mp4,single/0000_walk_reference.mp4,mild,reference
232,0000,walk,reference_vs_distorted,joint_noise,single/0000_walk_reference.mp4,single/0000_walk_joint_noise_moderate.mp4,reference,moderate
233,0000,walk,reference_vs_distorted,joint_noise,single/0000_walk_joint_noise_severe.mp4,single/0000_walk_reference.mp4,severe,reference
234,0000,walk,reference_vs_distorted,frame_drop,single/0000_walk_frame_drop_mild.mp4,single/0000_walk_reference.mp4,mild,reference
235,0000,walk,reference_vs_distorted,frame_drop,single/0000_walk_reference.mp4,single/0000_walk_frame_drop_moderate.mp4,reference,moderate
236,0000,walk,reference_vs_distorted,frame_drop,single/0000_walk_reference.mp4,single/0000_walk_frame_drop_severe.mp4,reference,severe
237,0000,walk,reference_vs_distorted,smoothing,single/0000_walk_reference.mp4,single/0000_walk_smoothing_mild.mp4,reference,mild
238,0000,walk,reference_vs_distorted,smoothing,single/0000_walk_reference.mp4,single/0000_walk_smoothing_moderate.mp4,reference,moderate
239,0000,walk,reference_vs_distorted,smoothing,single/0000_walk_smoothing_severe.mp4,single/0000_walk_reference.mp4,severe,reference
240,0000,walk,reference_vs_distorted,param_quantization,single/0000_walk_reference.mp4,single/0000_walk_param_quantization_mild.mp4,reference,mild
241,0000,walk,reference_vs_distorted,param_quantization,single/0000_walk_reference.mp4,single/0000_walk_param_quantization_moderate.mp4,reference,moderate
242,0000,walk,reference_vs_distorted,param_quantization,single/0000_walk_reference.mp4,single/0000_walk_param_quantization_severe.mp4,reference,severe
243,0000,walk,reference_vs_distorted,vertex_quantization,single/0000_walk_vertex_quantization_mild.mp4,single/0000_walk_reference.mp4,mild,reference
244,0000,walk,reference_vs_distorted,vertex_quantization,single/0000_walk_reference.mp4,single/0000_walk_vertex_quantization_moderate.mp4,reference,moderate
245,0000,walk,reference_vs_distorted,vertex_quantization,single/0000_walk_reference.mp4,single/0000_walk_vertex_quantization_severe.mp4,reference,severe
246,0000,walk,reference_vs_distorted,mesh_decimation,single/0000_walk_mesh_decimation_mild.mp4,single/0000_walk_reference.mp4,mild,reference
247,0000,walk,reference_vs_distorted,mesh_decimation,single/0000_walk_mesh_decimation_moderate.mp4,single/0000_walk_reference.mp4,moderate,reference
248,0000,walk,reference_vs_distorted,mesh_decimation,single/0000_walk_reference.mp4,single/0000_walk_mesh_decimation_severe.mp4,reference,severe
249,0000,walk,reference_vs_distorted,texture_compression,single/0000_walk_texture_compression_mild.mp4,single/0000_walk_reference.mp4,mild,reference
250,0000,walk,reference_vs_distorted,texture_compression,single/0000_walk_texture_compression_moderate.mp4,single/0000_walk_reference.mp4,moderate,reference
251,0000,walk,reference_vs_distorted,texture_compression,single/0000_walk_texture_compression_severe.mp4,single/0000_walk_reference.mp4,severe,reference
252,0000,walk,reference_vs_distorted,motion_blur,single/0000_walk_motion_blur_mild.mp4,single/0000_walk_reference.mp4,mild,reference
253,0000,walk,reference_vs_distorted,motion_blur,single/0000_walk_reference.mp4,single/0000_walk_motion_blur_moderate.mp4,reference,moderate
254,0000,walk,reference_vs_distorted,motion_blur,single/0000_walk_reference.mp4,single/0000_walk_motion_blur_severe.mp4,reference,severe
255,0000,walk,adjacent_severity,jitter,single/0000_walk_jitter_mild.mp4,single/0000_walk_jitter_moderate.mp4,mild,moderate
256,0000,walk,adjacent_severity,jitter,single/0000_walk_jitter_moderate.mp4,single/0000_walk_jitter_severe.mp4,moderate,severe
257,0000,walk,adjacent_severity,joint_noise,single/0000_walk_joint_noise_moderate.mp4,single/0000_walk_joint_noise_mild.mp4,moderate,mild
258,0000,walk,adjacent_severity,joint_noise,single/0000_walk_joint_noise_moderate.mp4,single/0000_walk_joint_noise_severe.mp4,moderate,severe
259,0000,walk,adjacent_severity,frame_drop,single/0000_walk_frame_drop_mild.mp4,single/0000_walk_frame_drop_moderate.mp4,mild,moderate
260,0000,walk,adjacent_severity,frame_drop,single/0000_walk_frame_drop_severe.mp4,single/0000_walk_frame_drop_moderate.mp4,severe,moderate
261,0000,walk,adjacent_severity,smoothing,single/0000_walk_smoothing_moderate.mp4,single/0000_walk_smoothing_mild.mp4,moderate,mild
262,0000,walk,adjacent_severity,smoothing,single/0000_walk_smoothing_moderate.mp4,single/0000_walk_smoothing_severe.mp4,moderate,severe
263,0000,walk,adjacent_severity,param_quantization,single/0000_walk_param_quantization_moderate.mp4,single/0000_walk_param_quantization_mild.mp4,moderate,mild
264,0000,walk,adjacent_severity,param_quantization,single/0000_walk_param_quantization_severe.mp4,single/0000_walk_param_quantization_moderate.mp4,severe,moderate
265,0000,walk,adjacent_severity,vertex_quantization,single/0000_walk_vertex_quantization_moderate.mp4,single/0000_walk_vertex_quantization_mild.mp4,moderate,mild
266,0000,walk,adjacent_severity,vertex_quantization,single/0000_walk_vertex_quantization_moderate.mp4,single/0000_walk_vertex_quantization_severe.mp4,moderate,severe
267,0000,walk,adjacent_severity,mesh_decimation,single/0000_walk_mesh_decimation_moderate.mp4,single/0000_walk_mesh_decimation_mild.mp4,moderate,mild
268,0000,walk,adjacent_severity,mesh_decimation,single/0000_walk_mesh_decimation_moderate.mp4,single/0000_walk_mesh_decimation_severe.mp4,moderate,severe
269,0000,walk,adjacent_severity,texture_compression,single/0000_walk_texture_compression_mild.mp4,single/0000_walk_texture_compression_moderate.mp4,mild,moderate
270,0000,walk,adjacent_severity,texture_compression,single/0000_walk_texture_compression_severe.mp4,single/0000_walk_texture_compression_moderate.mp4,severe,moderate
271,0000,walk,adjacent_severity,motion_blur,single/0000_walk_motion_blur_moderate.mp4,single/0000_walk_motion_blur_mild.mp4,moderate,mild
272,0000,walk,adjacent_severity,motion_blur,single/0000_walk_motion_blur_severe.mp4,single/0000_walk_motion_blur_moderate.mp4,severe,moderate
273,0000,walk,reference_vs_mixed,jitter+texture_compression,mixed/0000_walk_jitter+texture_compression_mild+mild.mp4,single/0000_walk_reference.mp4,mild+mild,reference
274,0000,walk,reference_vs_mixed,jitter+texture_compression,mixed/0000_walk_jitter+texture_compression_severe+severe.mp4,single/0000_walk_reference.mp4,severe+severe,reference
275,0000,walk,reference_vs_mixed,frame_drop+mesh_decimation,single/0000_walk_reference.mp4,mixed/0000_walk_frame_drop+mesh_decimation_mild+mild.mp4,reference,mild+mild
276,0000,walk,reference_vs_mixed,frame_drop+mesh_decimation,mixed/0000_walk_frame_drop+mesh_decimation_severe+severe.mp4,single/0000_walk_reference.mp4,severe+severe,reference
277,0000,walk,reference_vs_mixed,joint_noise+vertex_quantization,mixed/0000_walk_joint_noise+vertex_quantization_mild+mild.mp4,single/0000_walk_reference.mp4,mild+mild,reference
278,0000,walk,reference_vs_mixed,joint_noise+vertex_quantization,mixed/0000_walk_joint_noise+vertex_quantization_severe+severe.mp4,single/0000_walk_reference.mp4,severe+severe,reference
279,0000,walk,reference_vs_mixed,smoothing+texture_compression,mixed/0000_walk_smoothing+texture_compression_mild+mild.mp4,single/0000_walk_reference.mp4,mild+mild,reference
280,0000,walk,reference_vs_mixed,smoothing+texture_compression,single/0000_walk_reference.mp4,mixed/0000_walk_smoothing+texture_compression_severe+severe.mp4,reference,severe+severe
281,0000,walk,reference_vs_mixed,param_quantization+mesh_decimation,mixed/0000_walk_param_quantization+mesh_decimation_mild+mild.mp4,single/0000_walk_reference.mp4,mild+mild,reference
282,0000,walk,reference_vs_mixed,param_quantization+mesh_decimation,single/0000_walk_reference.mp4,mixed/0000_walk_param_quantization+mesh_decimation_severe+severe.mp4,reference,severe+severe
283,0000,walk,reference_vs_mixed,motion_blur+vertex_quantization,mixed/0000_walk_motion_blur+vertex_quantization_mild+mild.mp4,single/0000_walk_reference.mp4,mild+mild,reference
284,0000,walk,reference_vs_mixed,motion_blur+vertex_quantization,mixed/0000_walk_motion_blur+vertex_quantization_severe+severe.mp4,single/0000_walk_reference.mp4,severe+severe,reference
285,0100,bmlmovi_walk,reference_vs_distorted,jitter,single/0100_bmlmovi_walk_jitter_mild.mp4,single/0100_bmlmovi_walk_reference.mp4,mild,reference
286,0100,bmlmovi_walk,reference_vs_distorted,jitter,single/0100_bmlmovi_walk_jitter_moderate.mp4,single/0100_bmlmovi_walk_reference.mp4,moderate,reference
287,0100,bmlmovi_walk,reference_vs_distorted,jitter,single/0100_bmlmovi_walk_reference.mp4,single/0100_bmlmovi_walk_jitter_severe.mp4,reference,severe
288,0100,bmlmovi_walk,reference_vs_distorted,joint_noise,single/0100_bmlmovi_walk_joint_noise_mild.mp4,single/0100_bmlmovi_walk_reference.mp4,mild,reference
289,0100,bmlmovi_walk,reference_vs_distorted,joint_noise,single/0100_bmlmovi_walk_joint_noise_moderate.mp4,single/0100_bmlmovi_walk_reference.mp4,moderate,reference
290,0100,bmlmovi_walk,reference_vs_distorted,joint_noise,single/0100_bmlmovi_walk_joint_noise_severe.mp4,single/0100_bmlmovi_walk_reference.mp4,severe,reference
291,0100,bmlmovi_walk,reference_vs_distorted,frame_drop,single/0100_bmlmovi_walk_reference.mp4,single/0100_bmlmovi_walk_frame_drop_mild.mp4,reference,mild
292,0100,bmlmovi_walk,reference_vs_distorted,frame_drop,single/0100_bmlmovi_walk_reference.mp4,single/0100_bmlmovi_walk_frame_drop_moderate.mp4,reference,moderate
293,0100,bmlmovi_walk,reference_vs_distorted,frame_drop,single/0100_bmlmovi_walk_reference.mp4,single/0100_bmlmovi_walk_frame_drop_severe.mp4,reference,severe
294,0100,bmlmovi_walk,reference_vs_distorted,smoothing,single/0100_bmlmovi_walk_reference.mp4,single/0100_bmlmovi_walk_smoothing_mild.mp4,reference,mild
295,0100,bmlmovi_walk,reference_vs_distorted,smoothing,single/0100_bmlmovi_walk_reference.mp4,single/0100_bmlmovi_walk_smoothing_moderate.mp4,reference,moderate
296,0100,bmlmovi_walk,reference_vs_distorted,smoothing,single/0100_bmlmovi_walk_reference.mp4,single/0100_bmlmovi_walk_smoothing_severe.mp4,reference,severe
297,0100,bmlmovi_walk,reference_vs_distorted,param_quantization,single/0100_bmlmovi_walk_param_quantization_mild.mp4,single/0100_bmlmovi_walk_reference.mp4,mild,reference
298,0100,bmlmovi_walk,reference_vs_distorted,param_quantization,single/0100_bmlmovi_walk_param_quantization_moderate.mp4,single/0100_bmlmovi_walk_reference.mp4,moderate,reference
299,0100,bmlmovi_walk,reference_vs_distorted,param_quantization,single/0100_bmlmovi_walk_param_quantization_severe.mp4,single/0100_bmlmovi_walk_reference.mp4,severe,reference
300,0100,bmlmovi_walk,reference_vs_distorted,vertex_quantization,single/0100_bmlmovi_walk_reference.mp4,single/0100_bmlmovi_walk_vertex_quantization_mild.mp4,reference,mild
301,0100,bmlmovi_walk,reference_vs_distorted,vertex_quantization,single/0100_bmlmovi_walk_vertex_quantization_moderate.mp4,single/0100_bmlmovi_walk_reference.mp4,moderate,reference
302,0100,bmlmovi_walk,reference_vs_distorted,vertex_quantization,single/0100_bmlmovi_walk_vertex_quantization_severe.mp4,single/0100_bmlmovi_walk_reference.mp4,severe,reference
303,0100,bmlmovi_walk,reference_vs_distorted,mesh_decimation,single/0100_bmlmovi_walk_reference.mp4,single/0100_bmlmovi_walk_mesh_decimation_mild.mp4,reference,mild
304,0100,bmlmovi_walk,reference_vs_distorted,mesh_decimation,single/0100_bmlmovi_walk_mesh_decimation_moderate.mp4,single/0100_bmlmovi_walk_reference.mp4,moderate,reference
305,0100,bmlmovi_walk,reference_vs_distorted,mesh_decimation,single/0100_bmlmovi_walk_mesh_decimation_severe.mp4,single/0100_bmlmovi_walk_reference.mp4,severe,reference
306,0100,bmlmovi_walk,reference_vs_distorted,texture_compression,single/0100_bmlmovi_walk_reference.mp4,single/0100_bmlmovi_walk_texture_compression_mild.mp4,reference,mild
307,0100,bmlmovi_walk,reference_vs_distorted,texture_compression,single/0100_bmlmovi_walk_texture_compression_moderate.mp4,single/0100_bmlmovi_walk_reference.mp4,moderate,reference
308,0100,bmlmovi_walk,reference_vs_distorted,texture_compression,single/0100_bmlmovi_walk_reference.mp4,single/0100_bmlmovi_walk_texture_compression_severe.mp4,reference,severe
309,0100,bmlmovi_walk,reference_vs_distorted,motion_blur,single/0100_bmlmovi_walk_reference.mp4,single/0100_bmlmovi_walk_motion_blur_mild.mp4,reference,mild
310,0100,bmlmovi_walk,reference_vs_distorted,motion_blur,single/0100_bmlmovi_walk_motion_blur_moderate.mp4,single/0100_bmlmovi_walk_reference.mp4,moderate,reference
311,0100,bmlmovi_walk,reference_vs_distorted,motion_blur,single/0100_bmlmovi_walk_motion_blur_severe.mp4,single/0100_bmlmovi_walk_reference.mp4,severe,reference
312,0100,bmlmovi_walk,adjacent_severity,jitter,single/0100_bmlmovi_walk_jitter_mild.mp4,single/0100_bmlmovi_walk_jitter_moderate.mp4,mild,moderate
313,0100,bmlmovi_walk,adjacent_severity,jitter,single/0100_bmlmovi_walk_jitter_moderate.mp4,single/0100_bmlmovi_walk_jitter_severe.mp4,moderate,severe
314,0100,bmlmovi_walk,adjacent_severity,joint_noise,single/0100_bmlmovi_walk_joint_noise_moderate.mp4,single/0100_bmlmovi_walk_joint_noise_mild.mp4,moderate,mild
315,0100,bmlmovi_walk,adjacent_severity,joint_noise,single/0100_bmlmovi_walk_joint_noise_moderate.mp4,single/0100_bmlmovi_walk_joint_noise_severe.mp4,moderate,severe
316,0100,bmlmovi_walk,adjacent_severity,frame_drop,single/0100_bmlmovi_walk_frame_drop_mild.mp4,single/0100_bmlmovi_walk_frame_drop_moderate.mp4,mild,moderate
317,0100,bmlmovi_walk,adjacent_severity,frame_drop,single/0100_bmlmovi_walk_frame_drop_moderate.mp4,single/0100_bmlmovi_walk_frame_drop_severe.mp4,moderate,severe
318,0100,bmlmovi_walk,adjacent_severity,smoothing,single/0100_bmlmovi_walk_smoothing_moderate.mp4,single/0100_bmlmovi_walk_smoothing_mild.mp4,moderate,mild
319,0100,bmlmovi_walk,adjacent_severity,smoothing,single/0100_bmlmovi_walk_smoothing_moderate.mp4,single/0100_bmlmovi_walk_smoothing_severe.mp4,moderate,severe
320,0100,bmlmovi_walk,adjacent_severity,param_quantization,single/0100_bmlmovi_walk_param_quantization_moderate.mp4,single/0100_bmlmovi_walk_param_quantization_mild.mp4,moderate,mild
321,0100,bmlmovi_walk,adjacent_severity,param_quantization,single/0100_bmlmovi_walk_param_quantization_moderate.mp4,single/0100_bmlmovi_walk_param_quantization_severe.mp4,moderate,severe
322,0100,bmlmovi_walk,adjacent_severity,vertex_quantization,single/0100_bmlmovi_walk_vertex_quantization_mild.mp4,single/0100_bmlmovi_walk_vertex_quantization_moderate.mp4,mild,moderate
323,0100,bmlmovi_walk,adjacent_severity,vertex_quantization,single/0100_bmlmovi_walk_vertex_quantization_moderate.mp4,single/0100_bmlmovi_walk_vertex_quantization_severe.mp4,moderate,severe
324,0100,bmlmovi_walk,adjacent_severity,mesh_decimation,single/0100_bmlmovi_walk_mesh_decimation_moderate.mp4,single/0100_bmlmovi_walk_mesh_decimation_mild.mp4,moderate,mild
325,0100,bmlmovi_walk,adjacent_severity,mesh_decimation,single/0100_bmlmovi_walk_mesh_decimation_severe.mp4,single/0100_bmlmovi_walk_mesh_decimation_moderate.mp4,severe,moderate
326,0100,bmlmovi_walk,adjacent_severity,texture_compression,single/0100_bmlmovi_walk_texture_compression_mild.mp4,single/0100_bmlmovi_walk_texture_compression_moderate.mp4,mild,moderate
327,0100,bmlmovi_walk,adjacent_severity,texture_compression,single/0100_bmlmovi_walk_texture_compression_severe.mp4,single/0100_bmlmovi_walk_texture_compression_moderate.mp4,severe,moderate
328,0100,bmlmovi_walk,adjacent_severity,motion_blur,single/0100_bmlmovi_walk_motion_blur_moderate.mp4,single/0100_bmlmovi_walk_motion_blur_mild.mp4,moderate,mild
329,0100,bmlmovi_walk,adjacent_severity,motion_blur,single/0100_bmlmovi_walk_motion_blur_severe.mp4,single/0100_bmlmovi_walk_motion_blur_moderate.mp4,severe,moderate
330,0100,bmlmovi_walk,reference_vs_mixed,jitter+texture_compression,single/0100_bmlmovi_walk_reference.mp4,mixed/0100_bmlmovi_walk_jitter+texture_compression_mild+mild.mp4,reference,mild+mild
331,0100,bmlmovi_walk,reference_vs_mixed,jitter+texture_compression,single/0100_bmlmovi_walk_reference.mp4,mixed/0100_bmlmovi_walk_jitter+texture_compression_severe+severe.mp4,reference,severe+severe
332,0100,bmlmovi_walk,reference_vs_mixed,frame_drop+mesh_decimation,single/0100_bmlmovi_walk_reference.mp4,mixed/0100_bmlmovi_walk_frame_drop+mesh_decimation_mild+mild.mp4,reference,mild+mild
333,0100,bmlmovi_walk,reference_vs_mixed,frame_drop+mesh_decimation,mixed/0100_bmlmovi_walk_frame_drop+mesh_decimation_severe+severe.mp4,single/0100_bmlmovi_walk_reference.mp4,severe+severe,reference
334,0100,bmlmovi_walk,reference_vs_mixed,joint_noise+vertex_quantization,single/0100_bmlmovi_walk_reference.mp4,mixed/0100_bmlmovi_walk_joint_noise+vertex_quantization_mild+mild.mp4,reference,mild+mild
335,0100,bmlmovi_walk,reference_vs_mixed,joint_noise+vertex_quantization,single/0100_bmlmovi_walk_reference.mp4,mixed/0100_bmlmovi_walk_joint_noise+vertex_quantization_severe+severe.mp4,reference,severe+severe
336,0100,bmlmovi_walk,reference_vs_mixed,smoothing+texture_compression,single/0100_bmlmovi_walk_reference.mp4,mixed/0100_bmlmovi_walk_smoothing+texture_compression_mild+mild.mp4,reference,mild+mild
337,0100,bmlmovi_walk,reference_vs_mixed,smoothing+texture_compression,mixed/0100_bmlmovi_walk_smoothing+texture_compression_severe+severe.mp4,single/0100_bmlmovi_walk_reference.mp4,severe+severe,reference
338,0100,bmlmovi_walk,reference_vs_mixed,param_quantization+mesh_decimation,mixed/0100_bmlmovi_walk_param_quantization+mesh_decimation_mild+mild.mp4,single/0100_bmlmovi_walk_reference.mp4,mild+mild,reference
339,0100,bmlmovi_walk,reference_vs_mixed,param_quantization+mesh_decimation,single/0100_bmlmovi_walk_reference.mp4,mixed/0100_bmlmovi_walk_param_quantization+mesh_decimation_severe+severe.mp4,reference,severe+severe
340,0100,bmlmovi_walk,reference_vs_mixed,motion_blur+vertex_quantization,single/0100_bmlmovi_walk_reference.mp4,mixed/0100_bmlmovi_walk_motion_blur+vertex_quantization_mild+mild.mp4,reference,mild+mild
341,0100,bmlmovi_walk,reference_vs_mixed,motion_blur+vertex_quantization,mixed/0100_bmlmovi_walk_motion_blur+vertex_quantization_severe+severe.mp4,single/0100_bmlmovi_walk_reference.mp4,severe+severe,reference
342,0100,front_kick,reference_vs_distorted,jitter,single/0100_front_kick_jitter_mild.mp4,single/0100_front_kick_reference.mp4,mild,reference
343,0100,front_kick,reference_vs_distorted,jitter,single/0100_front_kick_jitter_moderate.mp4,single/0100_front_kick_reference.mp4,moderate,reference
344,0100,front_kick,reference_vs_distorted,jitter,single/0100_front_kick_reference.mp4,single/0100_front_kick_jitter_severe.mp4,reference,severe
345,0100,front_kick,reference_vs_distorted,joint_noise,single/0100_front_kick_reference.mp4,single/0100_front_kick_joint_noise_mild.mp4,reference,mild
346,0100,front_kick,reference_vs_distorted,joint_noise,single/0100_front_kick_joint_noise_moderate.mp4,single/0100_front_kick_reference.mp4,moderate,reference
347,0100,front_kick,reference_vs_distorted,joint_noise,single/0100_front_kick_reference.mp4,single/0100_front_kick_joint_noise_severe.mp4,reference,severe
348,0100,front_kick,reference_vs_distorted,frame_drop,single/0100_front_kick_reference.mp4,single/0100_front_kick_frame_drop_mild.mp4,reference,mild
349,0100,front_kick,reference_vs_distorted,frame_drop,single/0100_front_kick_frame_drop_moderate.mp4,single/0100_front_kick_reference.mp4,moderate,reference
350,0100,front_kick,reference_vs_distorted,frame_drop,single/0100_front_kick_frame_drop_severe.mp4,single/0100_front_kick_reference.mp4,severe,reference
351,0100,front_kick,reference_vs_distorted,smoothing,single/0100_front_kick_smoothing_mild.mp4,single/0100_front_kick_reference.mp4,mild,reference
352,0100,front_kick,reference_vs_distorted,smoothing,single/0100_front_kick_reference.mp4,single/0100_front_kick_smoothing_moderate.mp4,reference,moderate
353,0100,front_kick,reference_vs_distorted,smoothing,single/0100_front_kick_smoothing_severe.mp4,single/0100_front_kick_reference.mp4,severe,reference
354,0100,front_kick,reference_vs_distorted,param_quantization,single/0100_front_kick_reference.mp4,single/0100_front_kick_param_quantization_mild.mp4,reference,mild
355,0100,front_kick,reference_vs_distorted,param_quantization,single/0100_front_kick_param_quantization_moderate.mp4,single/0100_front_kick_reference.mp4,moderate,reference
356,0100,front_kick,reference_vs_distorted,param_quantization,single/0100_front_kick_reference.mp4,single/0100_front_kick_param_quantization_severe.mp4,reference,severe
357,0100,front_kick,reference_vs_distorted,vertex_quantization,single/0100_front_kick_reference.mp4,single/0100_front_kick_vertex_quantization_mild.mp4,reference,mild
358,0100,front_kick,reference_vs_distorted,vertex_quantization,single/0100_front_kick_vertex_quantization_moderate.mp4,single/0100_front_kick_reference.mp4,moderate,reference
359,0100,front_kick,reference_vs_distorted,vertex_quantization,single/0100_front_kick_vertex_quantization_severe.mp4,single/0100_front_kick_reference.mp4,severe,reference
360,0100,front_kick,reference_vs_distorted,mesh_decimation,single/0100_front_kick_reference.mp4,single/0100_front_kick_mesh_decimation_mild.mp4,reference,mild
361,0100,front_kick,reference_vs_distorted,mesh_decimation,single/0100_front_kick_reference.mp4,single/0100_front_kick_mesh_decimation_moderate.mp4,reference,moderate
362,0100,front_kick,reference_vs_distorted,mesh_decimation,single/0100_front_kick_mesh_decimation_severe.mp4,single/0100_front_kick_reference.mp4,severe,reference
363,0100,front_kick,reference_vs_distorted,texture_compression,single/0100_front_kick_reference.mp4,single/0100_front_kick_texture_compression_mild.mp4,reference,mild
364,0100,front_kick,reference_vs_distorted,texture_compression,single/0100_front_kick_reference.mp4,single/0100_front_kick_texture_compression_moderate.mp4,reference,moderate
365,0100,front_kick,reference_vs_distorted,texture_compression,single/0100_front_kick_reference.mp4,single/0100_front_kick_texture_compression_severe.mp4,reference,severe
366,0100,front_kick,reference_vs_distorted,motion_blur,single/0100_front_kick_reference.mp4,single/0100_front_kick_motion_blur_mild.mp4,reference,mild
367,0100,front_kick,reference_vs_distorted,motion_blur,single/0100_front_kick_reference.mp4,single/0100_front_kick_motion_blur_moderate.mp4,reference,moderate
368,0100,front_kick,reference_vs_distorted,motion_blur,single/0100_front_kick_reference.mp4,single/0100_front_kick_motion_blur_severe.mp4,reference,severe
369,0100,front_kick,adjacent_severity,jitter,single/0100_front_kick_jitter_mild.mp4,single/0100_front_kick_jitter_moderate.mp4,mild,moderate
370,0100,front_kick,adjacent_severity,jitter,single/0100_front_kick_jitter_severe.mp4,single/0100_front_kick_jitter_moderate.mp4,severe,moderate
371,0100,front_kick,adjacent_severity,joint_noise,single/0100_front_kick_joint_noise_mild.mp4,single/0100_front_kick_joint_noise_moderate.mp4,mild,moderate
372,0100,front_kick,adjacent_severity,joint_noise,single/0100_front_kick_joint_noise_severe.mp4,single/0100_front_kick_joint_noise_moderate.mp4,severe,moderate
373,0100,front_kick,adjacent_severity,frame_drop,single/0100_front_kick_frame_drop_mild.mp4,single/0100_front_kick_frame_drop_moderate.mp4,mild,moderate
374,0100,front_kick,adjacent_severity,frame_drop,single/0100_front_kick_frame_drop_moderate.mp4,single/0100_front_kick_frame_drop_severe.mp4,moderate,severe
375,0100,front_kick,adjacent_severity,smoothing,single/0100_front_kick_smoothing_mild.mp4,single/0100_front_kick_smoothing_moderate.mp4,mild,moderate
376,0100,front_kick,adjacent_severity,smoothing,single/0100_front_kick_smoothing_moderate.mp4,single/0100_front_kick_smoothing_severe.mp4,moderate,severe
377,0100,front_kick,adjacent_severity,param_quantization,single/0100_front_kick_param_quantization_mild.mp4,single/0100_front_kick_param_quantization_moderate.mp4,mild,moderate
378,0100,front_kick,adjacent_severity,param_quantization,single/0100_front_kick_param_quantization_severe.mp4,single/0100_front_kick_param_quantization_moderate.mp4,severe,moderate
379,0100,front_kick,adjacent_severity,vertex_quantization,single/0100_front_kick_vertex_quantization_moderate.mp4,single/0100_front_kick_vertex_quantization_mild.mp4,moderate,mild
380,0100,front_kick,adjacent_severity,vertex_quantization,single/0100_front_kick_vertex_quantization_moderate.mp4,single/0100_front_kick_vertex_quantization_severe.mp4,moderate,severe
381,0100,front_kick,adjacent_severity,mesh_decimation,single/0100_front_kick_mesh_decimation_mild.mp4,single/0100_front_kick_mesh_decimation_moderate.mp4,mild,moderate
382,0100,front_kick,adjacent_severity,mesh_decimation,single/0100_front_kick_mesh_decimation_severe.mp4,single/0100_front_kick_mesh_decimation_moderate.mp4,severe,moderate
383,0100,front_kick,adjacent_severity,texture_compression,single/0100_front_kick_texture_compression_mild.mp4,single/0100_front_kick_texture_compression_moderate.mp4,mild,moderate
384,0100,front_kick,adjacent_severity,texture_compression,single/0100_front_kick_texture_compression_severe.mp4,single/0100_front_kick_texture_compression_moderate.mp4,severe,moderate
385,0100,front_kick,adjacent_severity,motion_blur,single/0100_front_kick_motion_blur_mild.mp4,single/0100_front_kick_motion_blur_moderate.mp4,mild,moderate
386,0100,front_kick,adjacent_severity,motion_blur,single/0100_front_kick_motion_blur_moderate.mp4,single/0100_front_kick_motion_blur_severe.mp4,moderate,severe
387,0100,front_kick,reference_vs_mixed,jitter+texture_compression,mixed/0100_front_kick_jitter+texture_compression_mild+mild.mp4,single/0100_front_kick_reference.mp4,mild+mild,reference
388,0100,front_kick,reference_vs_mixed,jitter+texture_compression,single/0100_front_kick_reference.mp4,mixed/0100_front_kick_jitter+texture_compression_severe+severe.mp4,reference,severe+severe
389,0100,front_kick,reference_vs_mixed,frame_drop+mesh_decimation,mixed/0100_front_kick_frame_drop+mesh_decimation_mild+mild.mp4,single/0100_front_kick_reference.mp4,mild+mild,reference
390,0100,front_kick,reference_vs_mixed,frame_drop+mesh_decimation,mixed/0100_front_kick_frame_drop+mesh_decimation_severe+severe.mp4,single/0100_front_kick_reference.mp4,severe+severe,reference
391,0100,front_kick,reference_vs_mixed,joint_noise+vertex_quantization,mixed/0100_front_kick_joint_noise+vertex_quantization_mild+mild.mp4,single/0100_front_kick_reference.mp4,mild+mild,reference
392,0100,front_kick,reference_vs_mixed,joint_noise+vertex_quantization,single/0100_front_kick_reference.mp4,mixed/0100_front_kick_joint_noise+vertex_quantization_severe+severe.mp4,reference,severe+severe
393,0100,front_kick,reference_vs_mixed,smoothing+texture_compression,mixed/0100_front_kick_smoothing+texture_compression_mild+mild.mp4,single/0100_front_kick_reference.mp4,mild+mild,reference
394,0100,front_kick,reference_vs_mixed,smoothing+texture_compression,mixed/0100_front_kick_smoothing+texture_compression_severe+severe.mp4,single/0100_front_kick_reference.mp4,severe+severe,reference
395,0100,front_kick,reference_vs_mixed,param_quantization+mesh_decimation,mixed/0100_front_kick_param_quantization+mesh_decimation_mild+mild.mp4,single/0100_front_kick_reference.mp4,mild+mild,reference
396,0100,front_kick,reference_vs_mixed,param_quantization+mesh_decimation,single/0100_front_kick_reference.mp4,mixed/0100_front_kick_param_quantization+mesh_decimation_severe+severe.mp4,reference,severe+severe
397,0100,front_kick,reference_vs_mixed,motion_blur+vertex_quantization,single/0100_front_kick_reference.mp4,mixed/0100_front_kick_motion_blur+vertex_quantization_mild+mild.mp4,reference,mild+mild
398,0100,front_kick,reference_vs_mixed,motion_blur+vertex_quantization,single/0100_front_kick_reference.mp4,mixed/0100_front_kick_motion_blur+vertex_quantization_severe+severe.mp4,reference,severe+severe
399,0100,pickup_box,reference_vs_distorted,jitter,single/0100_pickup_box_reference.mp4,single/0100_pickup_box_jitter_mild.mp4,reference,mild
400,0100,pickup_box,reference_vs_distorted,jitter,single/0100_pickup_box_reference.mp4,single/0100_pickup_box_jitter_moderate.mp4,reference,moderate
401,0100,pickup_box,reference_vs_distorted,jitter,single/0100_pickup_box_jitter_severe.mp4,single/0100_pickup_box_reference.mp4,severe,reference
402,0100,pickup_box,reference_vs_distorted,joint_noise,single/0100_pickup_box_reference.mp4,single/0100_pickup_box_joint_noise_mild.mp4,reference,mild
403,0100,pickup_box,reference_vs_distorted,joint_noise,single/0100_pickup_box_reference.mp4,single/0100_pickup_box_joint_noise_moderate.mp4,reference,moderate
404,0100,pickup_box,reference_vs_distorted,joint_noise,single/0100_pickup_box_reference.mp4,single/0100_pickup_box_joint_noise_severe.mp4,reference,severe
405,0100,pickup_box,reference_vs_distorted,frame_drop,single/0100_pickup_box_frame_drop_mild.mp4,single/0100_pickup_box_reference.mp4,mild,reference
406,0100,pickup_box,reference_vs_distorted,frame_drop,single/0100_pickup_box_frame_drop_moderate.mp4,single/0100_pickup_box_reference.mp4,moderate,reference
407,0100,pickup_box,reference_vs_distorted,frame_drop,single/0100_pickup_box_frame_drop_severe.mp4,single/0100_pickup_box_reference.mp4,severe,reference
408,0100,pickup_box,reference_vs_distorted,smoothing,single/0100_pickup_box_reference.mp4,single/0100_pickup_box_smoothing_mild.mp4,reference,mild
409,0100,pickup_box,reference_vs_distorted,smoothing,single/0100_pickup_box_reference.mp4,single/0100_pickup_box_smoothing_moderate.mp4,reference,moderate
410,0100,pickup_box,reference_vs_distorted,smoothing,single/0100_pickup_box_reference.mp4,single/0100_pickup_box_smoothing_severe.mp4,reference,severe
411,0100,pickup_box,reference_vs_distorted,param_quantization,single/0100_pickup_box_reference.mp4,single/0100_pickup_box_param_quantization_mild.mp4,reference,mild
412,0100,pickup_box,reference_vs_distorted,param_quantization,single/0100_pickup_box_reference.mp4,single/0100_pickup_box_param_quantization_moderate.mp4,reference,moderate
413,0100,pickup_box,reference_vs_distorted,param_quantization,single/0100_pickup_box_reference.mp4,single/0100_pickup_box_param_quantization_severe.mp4,reference,severe
414,0100,pickup_box,reference_vs_distorted,vertex_quantization,single/0100_pickup_box_reference.mp4,single/0100_pickup_box_vertex_quantization_mild.mp4,reference,mild
415,0100,pickup_box,reference_vs_distorted,vertex_quantization,single/0100_pickup_box_vertex_quantization_moderate.mp4,single/0100_pickup_box_reference.mp4,moderate,reference
416,0100,pickup_box,reference_vs_distorted,vertex_quantization,single/0100_pickup_box_vertex_quantization_severe.mp4,single/0100_pickup_box_reference.mp4,severe,reference
417,0100,pickup_box,reference_vs_distorted,mesh_decimation,single/0100_pickup_box_mesh_decimation_mild.mp4,single/0100_pickup_box_reference.mp4,mild,reference
418,0100,pickup_box,reference_vs_distorted,mesh_decimation,single/0100_pickup_box_reference.mp4,single/0100_pickup_box_mesh_decimation_moderate.mp4,reference,moderate
419,0100,pickup_box,reference_vs_distorted,mesh_decimation,single/0100_pickup_box_mesh_decimation_severe.mp4,single/0100_pickup_box_reference.mp4,severe,reference
420,0100,pickup_box,reference_vs_distorted,texture_compression,single/0100_pickup_box_reference.mp4,single/0100_pickup_box_texture_compression_mild.mp4,reference,mild
421,0100,pickup_box,reference_vs_distorted,texture_compression,single/0100_pickup_box_reference.mp4,single/0100_pickup_box_texture_compression_moderate.mp4,reference,moderate
422,0100,pickup_box,reference_vs_distorted,texture_compression,single/0100_pickup_box_reference.mp4,single/0100_pickup_box_texture_compression_severe.mp4,reference,severe
423,0100,pickup_box,reference_vs_distorted,motion_blur,single/0100_pickup_box_reference.mp4,single/0100_pickup_box_motion_blur_mild.mp4,reference,mild
424,0100,pickup_box,reference_vs_distorted,motion_blur,single/0100_pickup_box_reference.mp4,single/0100_pickup_box_motion_blur_moderate.mp4,reference,moderate
425,0100,pickup_box,reference_vs_distorted,motion_blur,single/0100_pickup_box_motion_blur_severe.mp4,single/0100_pickup_box_reference.mp4,severe,reference
426,0100,pickup_box,adjacent_severity,jitter,single/0100_pickup_box_jitter_mild.mp4,single/0100_pickup_box_jitter_moderate.mp4,mild,moderate
427,0100,pickup_box,adjacent_severity,jitter,single/0100_pickup_box_jitter_severe.mp4,single/0100_pickup_box_jitter_moderate.mp4,severe,moderate
428,0100,pickup_box,adjacent_severity,joint_noise,single/0100_pickup_box_joint_noise_mild.mp4,single/0100_pickup_box_joint_noise_moderate.mp4,mild,moderate
429,0100,pickup_box,adjacent_severity,joint_noise,single/0100_pickup_box_joint_noise_moderate.mp4,single/0100_pickup_box_joint_noise_severe.mp4,moderate,severe
430,0100,pickup_box,adjacent_severity,frame_drop,single/0100_pickup_box_frame_drop_mild.mp4,single/0100_pickup_box_frame_drop_moderate.mp4,mild,moderate
431,0100,pickup_box,adjacent_severity,frame_drop,single/0100_pickup_box_frame_drop_moderate.mp4,single/0100_pickup_box_frame_drop_severe.mp4,moderate,severe
432,0100,pickup_box,adjacent_severity,smoothing,single/0100_pickup_box_smoothing_mild.mp4,single/0100_pickup_box_smoothing_moderate.mp4,mild,moderate
433,0100,pickup_box,adjacent_severity,smoothing,single/0100_pickup_box_smoothing_moderate.mp4,single/0100_pickup_box_smoothing_severe.mp4,moderate,severe
434,0100,pickup_box,adjacent_severity,param_quantization,single/0100_pickup_box_param_quantization_mild.mp4,single/0100_pickup_box_param_quantization_moderate.mp4,mild,moderate
435,0100,pickup_box,adjacent_severity,param_quantization,single/0100_pickup_box_param_quantization_moderate.mp4,single/0100_pickup_box_param_quantization_severe.mp4,moderate,severe
436,0100,pickup_box,adjacent_severity,vertex_quantization,single/0100_pickup_box_vertex_quantization_moderate.mp4,single/0100_pickup_box_vertex_quantization_mild.mp4,moderate,mild
437,0100,pickup_box,adjacent_severity,vertex_quantization,single/0100_pickup_box_vertex_quantization_severe.mp4,single/0100_pickup_box_vertex_quantization_moderate.mp4,severe,moderate
438,0100,pickup_box,adjacent_severity,mesh_decimation,single/0100_pickup_box_mesh_decimation_moderate.mp4,single/0100_pickup_box_mesh_decimation_mild.mp4,moderate,mild
439,0100,pickup_box,adjacent_severity,mesh_decimation,single/0100_pickup_box_mesh_decimation_severe.mp4,single/0100_pickup_box_mesh_decimation_moderate.mp4,severe,moderate
440,0100,pickup_box,adjacent_severity,texture_compression,single/0100_pickup_box_texture_compression_moderate.mp4,single/0100_pickup_box_texture_compression_mild.mp4,moderate,mild
441,0100,pickup_box,adjacent_severity,texture_compression,single/0100_pickup_box_texture_compression_severe.mp4,single/0100_pickup_box_texture_compression_moderate.mp4,severe,moderate
442,0100,pickup_box,adjacent_severity,motion_blur,single/0100_pickup_box_motion_blur_mild.mp4,single/0100_pickup_box_motion_blur_moderate.mp4,mild,moderate
443,0100,pickup_box,adjacent_severity,motion_blur,single/0100_pickup_box_motion_blur_moderate.mp4,single/0100_pickup_box_motion_blur_severe.mp4,moderate,severe
444,0100,pickup_box,reference_vs_mixed,jitter+texture_compression,mixed/0100_pickup_box_jitter+texture_compression_mild+mild.mp4,single/0100_pickup_box_reference.mp4,mild+mild,reference
445,0100,pickup_box,reference_vs_mixed,jitter+texture_compression,single/0100_pickup_box_reference.mp4,mixed/0100_pickup_box_jitter+texture_compression_severe+severe.mp4,reference,severe+severe
446,0100,pickup_box,reference_vs_mixed,frame_drop+mesh_decimation,mixed/0100_pickup_box_frame_drop+mesh_decimation_mild+mild.mp4,single/0100_pickup_box_reference.mp4,mild+mild,reference
447,0100,pickup_box,reference_vs_mixed,frame_drop+mesh_decimation,mixed/0100_pickup_box_frame_drop+mesh_decimation_severe+severe.mp4,single/0100_pickup_box_reference.mp4,severe+severe,reference
448,0100,pickup_box,reference_vs_mixed,joint_noise+vertex_quantization,single/0100_pickup_box_reference.mp4,mixed/0100_pickup_box_joint_noise+vertex_quantization_mild+mild.mp4,reference,mild+mild
449,0100,pickup_box,reference_vs_mixed,joint_noise+vertex_quantization,mixed/0100_pickup_box_joint_noise+vertex_quantization_severe+severe.mp4,single/0100_pickup_box_reference.mp4,severe+severe,reference
450,0100,pickup_box,reference_vs_mixed,smoothing+texture_compression,mixed/0100_pickup_box_smoothing+texture_compression_mild+mild.mp4,single/0100_pickup_box_reference.mp4,mild+mild,reference
451,0100,pickup_box,reference_vs_mixed,smoothing+texture_compression,mixed/0100_pickup_box_smoothing+texture_compression_severe+severe.mp4,single/0100_pickup_box_reference.mp4,severe+severe,reference
452,0100,pickup_box,reference_vs_mixed,param_quantization+mesh_decimation,mixed/0100_pickup_box_param_quantization+mesh_decimation_mild+mild.mp4,single/0100_pickup_box_reference.mp4,mild+mild,reference
453,0100,pickup_box,reference_vs_mixed,param_quantization+mesh_decimation,mixed/0100_pickup_box_param_quantization+mesh_decimation_severe+severe.mp4,single/0100_pickup_box_reference.mp4,severe+severe,reference
454,0100,pickup_box,reference_vs_mixed,motion_blur+vertex_quantization,single/0100_pickup_box_reference.mp4,mixed/0100_pickup_box_motion_blur+vertex_quantization_mild+mild.mp4,reference,mild+mild
455,0100,pickup_box,reference_vs_mixed,motion_blur+vertex_quantization,mixed/0100_pickup_box_motion_blur+vertex_quantization_severe+severe.mp4,single/0100_pickup_box_reference.mp4,severe+severe,reference
456,0100,run,reference_vs_distorted,jitter,single/0100_run_jitter_mild.mp4,single/0100_run_reference.mp4,mild,reference
457,0100,run,reference_vs_distorted,jitter,single/0100_run_jitter_moderate.mp4,single/0100_run_reference.mp4,moderate,reference
458,0100,run,reference_vs_distorted,jitter,single/0100_run_jitter_severe.mp4,single/0100_run_reference.mp4,severe,reference
459,0100,run,reference_vs_distorted,joint_noise,single/0100_run_joint_noise_mild.mp4,single/0100_run_reference.mp4,mild,reference
460,0100,run,reference_vs_distorted,joint_noise,single/0100_run_joint_noise_moderate.mp4,single/0100_run_reference.mp4,moderate,reference
461,0100,run,reference_vs_distorted,joint_noise,single/0100_run_joint_noise_severe.mp4,single/0100_run_reference.mp4,severe,reference
462,0100,run,reference_vs_distorted,frame_drop,single/0100_run_frame_drop_mild.mp4,single/0100_run_reference.mp4,mild,reference
463,0100,run,reference_vs_distorted,frame_drop,single/0100_run_frame_drop_moderate.mp4,single/0100_run_reference.mp4,moderate,reference
464,0100,run,reference_vs_distorted,frame_drop,single/0100_run_reference.mp4,single/0100_run_frame_drop_severe.mp4,reference,severe
465,0100,run,reference_vs_distorted,smoothing,single/0100_run_reference.mp4,single/0100_run_smoothing_mild.mp4,reference,mild
466,0100,run,reference_vs_distorted,smoothing,single/0100_run_reference.mp4,single/0100_run_smoothing_moderate.mp4,reference,moderate
467,0100,run,reference_vs_distorted,smoothing,single/0100_run_reference.mp4,single/0100_run_smoothing_severe.mp4,reference,severe
468,0100,run,reference_vs_distorted,param_quantization,single/0100_run_reference.mp4,single/0100_run_param_quantization_mild.mp4,reference,mild
469,0100,run,reference_vs_distorted,param_quantization,single/0100_run_param_quantization_moderate.mp4,single/0100_run_reference.mp4,moderate,reference
470,0100,run,reference_vs_distorted,param_quantization,single/0100_run_param_quantization_severe.mp4,single/0100_run_reference.mp4,severe,reference
471,0100,run,reference_vs_distorted,vertex_quantization,single/0100_run_vertex_quantization_mild.mp4,single/0100_run_reference.mp4,mild,reference
472,0100,run,reference_vs_distorted,vertex_quantization,single/0100_run_vertex_quantization_moderate.mp4,single/0100_run_reference.mp4,moderate,reference
473,0100,run,reference_vs_distorted,vertex_quantization,single/0100_run_vertex_quantization_severe.mp4,single/0100_run_reference.mp4,severe,reference
474,0100,run,reference_vs_distorted,mesh_decimation,single/0100_run_reference.mp4,single/0100_run_mesh_decimation_mild.mp4,reference,mild
475,0100,run,reference_vs_distorted,mesh_decimation,single/0100_run_reference.mp4,single/0100_run_mesh_decimation_moderate.mp4,reference,moderate
476,0100,run,reference_vs_distorted,mesh_decimation,single/0100_run_mesh_decimation_severe.mp4,single/0100_run_reference.mp4,severe,reference
477,0100,run,reference_vs_distorted,texture_compression,single/0100_run_texture_compression_mild.mp4,single/0100_run_reference.mp4,mild,reference
478,0100,run,reference_vs_distorted,texture_compression,single/0100_run_texture_compression_moderate.mp4,single/0100_run_reference.mp4,moderate,reference
479,0100,run,reference_vs_distorted,texture_compression,single/0100_run_texture_compression_severe.mp4,single/0100_run_reference.mp4,severe,reference
480,0100,run,reference_vs_distorted,motion_blur,single/0100_run_motion_blur_mild.mp4,single/0100_run_reference.mp4,mild,reference
481,0100,run,reference_vs_distorted,motion_blur,single/0100_run_reference.mp4,single/0100_run_motion_blur_moderate.mp4,reference,moderate
482,0100,run,reference_vs_distorted,motion_blur,single/0100_run_motion_blur_severe.mp4,single/0100_run_reference.mp4,severe,reference
483,0100,run,adjacent_severity,jitter,single/0100_run_jitter_mild.mp4,single/0100_run_jitter_moderate.mp4,mild,moderate
484,0100,run,adjacent_severity,jitter,single/0100_run_jitter_moderate.mp4,single/0100_run_jitter_severe.mp4,moderate,severe
485,0100,run,adjacent_severity,joint_noise,single/0100_run_joint_noise_mild.mp4,single/0100_run_joint_noise_moderate.mp4,mild,moderate
486,0100,run,adjacent_severity,joint_noise,single/0100_run_joint_noise_severe.mp4,single/0100_run_joint_noise_moderate.mp4,severe,moderate
487,0100,run,adjacent_severity,frame_drop,single/0100_run_frame_drop_mild.mp4,single/0100_run_frame_drop_moderate.mp4,mild,moderate
488,0100,run,adjacent_severity,frame_drop,single/0100_run_frame_drop_severe.mp4,single/0100_run_frame_drop_moderate.mp4,severe,moderate
489,0100,run,adjacent_severity,smoothing,single/0100_run_smoothing_moderate.mp4,single/0100_run_smoothing_mild.mp4,moderate,mild
490,0100,run,adjacent_severity,smoothing,single/0100_run_smoothing_moderate.mp4,single/0100_run_smoothing_severe.mp4,moderate,severe
491,0100,run,adjacent_severity,param_quantization,single/0100_run_param_quantization_mild.mp4,single/0100_run_param_quantization_moderate.mp4,mild,moderate
492,0100,run,adjacent_severity,param_quantization,single/0100_run_param_quantization_moderate.mp4,single/0100_run_param_quantization_severe.mp4,moderate,severe
493,0100,run,adjacent_severity,vertex_quantization,single/0100_run_vertex_quantization_moderate.mp4,single/0100_run_vertex_quantization_mild.mp4,moderate,mild
494,0100,run,adjacent_severity,vertex_quantization,single/0100_run_vertex_quantization_severe.mp4,single/0100_run_vertex_quantization_moderate.mp4,severe,moderate
495,0100,run,adjacent_severity,mesh_decimation,single/0100_run_mesh_decimation_moderate.mp4,single/0100_run_mesh_decimation_mild.mp4,moderate,mild
496,0100,run,adjacent_severity,mesh_decimation,single/0100_run_mesh_decimation_severe.mp4,single/0100_run_mesh_decimation_moderate.mp4,severe,moderate
497,0100,run,adjacent_severity,texture_compression,single/0100_run_texture_compression_mild.mp4,single/0100_run_texture_compression_moderate.mp4,mild,moderate
498,0100,run,adjacent_severity,texture_compression,single/0100_run_texture_compression_moderate.mp4,single/0100_run_texture_compression_severe.mp4,moderate,severe
499,0100,run,adjacent_severity,motion_blur,single/0100_run_motion_blur_mild.mp4,single/0100_run_motion_blur_moderate.mp4,mild,moderate
500,0100,run,adjacent_severity,motion_blur,single/0100_run_motion_blur_severe.mp4,single/0100_run_motion_blur_moderate.mp4,severe,moderate
501,0100,run,reference_vs_mixed,jitter+texture_compression,single/0100_run_reference.mp4,mixed/0100_run_jitter+texture_compression_mild+mild.mp4,reference,mild+mild
502,0100,run,reference_vs_mixed,jitter+texture_compression,mixed/0100_run_jitter+texture_compression_severe+severe.mp4,single/0100_run_reference.mp4,severe+severe,reference
503,0100,run,reference_vs_mixed,frame_drop+mesh_decimation,single/0100_run_reference.mp4,mixed/0100_run_frame_drop+mesh_decimation_mild+mild.mp4,reference,mild+mild
504,0100,run,reference_vs_mixed,frame_drop+mesh_decimation,single/0100_run_reference.mp4,mixed/0100_run_frame_drop+mesh_decimation_severe+severe.mp4,reference,severe+severe
505,0100,run,reference_vs_mixed,joint_noise+vertex_quantization,single/0100_run_reference.mp4,mixed/0100_run_joint_noise+vertex_quantization_mild+mild.mp4,reference,mild+mild
506,0100,run,reference_vs_mixed,joint_noise+vertex_quantization,mixed/0100_run_joint_noise+vertex_quantization_severe+severe.mp4,single/0100_run_reference.mp4,severe+severe,reference
507,0100,run,reference_vs_mixed,smoothing+texture_compression,mixed/0100_run_smoothing+texture_compression_mild+mild.mp4,single/0100_run_reference.mp4,mild+mild,reference
508,0100,run,reference_vs_mixed,smoothing+texture_compression,mixed/0100_run_smoothing+texture_compression_severe+severe.mp4,single/0100_run_reference.mp4,severe+severe,reference
509,0100,run,reference_vs_mixed,param_quantization+mesh_decimation,single/0100_run_reference.mp4,mixed/0100_run_param_quantization+mesh_decimation_mild+mild.mp4,reference,mild+mild
510,0100,run,reference_vs_mixed,param_quantization+mesh_decimation,mixed/0100_run_param_quantization+mesh_decimation_severe+severe.mp4,single/0100_run_reference.mp4,severe+severe,reference
511,0100,run,reference_vs_mixed,motion_blur+vertex_quantization,single/0100_run_reference.mp4,mixed/0100_run_motion_blur+vertex_quantization_mild+mild.mp4,reference,mild+mild
512,0100,run,reference_vs_mixed,motion_blur+vertex_quantization,single/0100_run_reference.mp4,mixed/0100_run_motion_blur+vertex_quantization_severe+severe.mp4,reference,severe+severe
513,0100,walk,reference_vs_distorted,jitter,single/0100_walk_reference.mp4,single/0100_walk_jitter_mild.mp4,reference,mild
514,0100,walk,reference_vs_distorted,jitter,single/0100_walk_jitter_moderate.mp4,single/0100_walk_reference.mp4,moderate,reference
515,0100,walk,reference_vs_distorted,jitter,single/0100_walk_reference.mp4,single/0100_walk_jitter_severe.mp4,reference,severe
516,0100,walk,reference_vs_distorted,joint_noise,single/0100_walk_joint_noise_mild.mp4,single/0100_walk_reference.mp4,mild,reference
517,0100,walk,reference_vs_distorted,joint_noise,single/0100_walk_joint_noise_moderate.mp4,single/0100_walk_reference.mp4,moderate,reference
518,0100,walk,reference_vs_distorted,joint_noise,single/0100_walk_reference.mp4,single/0100_walk_joint_noise_severe.mp4,reference,severe
519,0100,walk,reference_vs_distorted,frame_drop,single/0100_walk_reference.mp4,single/0100_walk_frame_drop_mild.mp4,reference,mild
520,0100,walk,reference_vs_distorted,frame_drop,single/0100_walk_frame_drop_moderate.mp4,single/0100_walk_reference.mp4,moderate,reference
521,0100,walk,reference_vs_distorted,frame_drop,single/0100_walk_frame_drop_severe.mp4,single/0100_walk_reference.mp4,severe,reference
522,0100,walk,reference_vs_distorted,smoothing,single/0100_walk_reference.mp4,single/0100_walk_smoothing_mild.mp4,reference,mild
523,0100,walk,reference_vs_distorted,smoothing,single/0100_walk_reference.mp4,single/0100_walk_smoothing_moderate.mp4,reference,moderate
524,0100,walk,reference_vs_distorted,smoothing,single/0100_walk_reference.mp4,single/0100_walk_smoothing_severe.mp4,reference,severe
525,0100,walk,reference_vs_distorted,param_quantization,single/0100_walk_param_quantization_mild.mp4,single/0100_walk_reference.mp4,mild,reference
526,0100,walk,reference_vs_distorted,param_quantization,single/0100_walk_reference.mp4,single/0100_walk_param_quantization_moderate.mp4,reference,moderate
527,0100,walk,reference_vs_distorted,param_quantization,single/0100_walk_param_quantization_severe.mp4,single/0100_walk_reference.mp4,severe,reference
528,0100,walk,reference_vs_distorted,vertex_quantization,single/0100_walk_reference.mp4,single/0100_walk_vertex_quantization_mild.mp4,reference,mild
529,0100,walk,reference_vs_distorted,vertex_quantization,single/0100_walk_vertex_quantization_moderate.mp4,single/0100_walk_reference.mp4,moderate,reference
530,0100,walk,reference_vs_distorted,vertex_quantization,single/0100_walk_vertex_quantization_severe.mp4,single/0100_walk_reference.mp4,severe,reference
531,0100,walk,reference_vs_distorted,mesh_decimation,single/0100_walk_reference.mp4,single/0100_walk_mesh_decimation_mild.mp4,reference,mild
532,0100,walk,reference_vs_distorted,mesh_decimation,single/0100_walk_mesh_decimation_moderate.mp4,single/0100_walk_reference.mp4,moderate,reference
533,0100,walk,reference_vs_distorted,mesh_decimation,single/0100_walk_mesh_decimation_severe.mp4,single/0100_walk_reference.mp4,severe,reference
534,0100,walk,reference_vs_distorted,texture_compression,single/0100_walk_texture_compression_mild.mp4,single/0100_walk_reference.mp4,mild,reference
535,0100,walk,reference_vs_distorted,texture_compression,single/0100_walk_texture_compression_moderate.mp4,single/0100_walk_reference.mp4,moderate,reference
536,0100,walk,reference_vs_distorted,texture_compression,single/0100_walk_reference.mp4,single/0100_walk_texture_compression_severe.mp4,reference,severe
537,0100,walk,reference_vs_distorted,motion_blur,single/0100_walk_motion_blur_mild.mp4,single/0100_walk_reference.mp4,mild,reference
538,0100,walk,reference_vs_distorted,motion_blur,single/0100_walk_reference.mp4,single/0100_walk_motion_blur_moderate.mp4,reference,moderate
539,0100,walk,reference_vs_distorted,motion_blur,single/0100_walk_reference.mp4,single/0100_walk_motion_blur_severe.mp4,reference,severe
540,0100,walk,adjacent_severity,jitter,single/0100_walk_jitter_mild.mp4,single/0100_walk_jitter_moderate.mp4,mild,moderate
541,0100,walk,adjacent_severity,jitter,single/0100_walk_jitter_moderate.mp4,single/0100_walk_jitter_severe.mp4,moderate,severe
542,0100,walk,adjacent_severity,joint_noise,single/0100_walk_joint_noise_mild.mp4,single/0100_walk_joint_noise_moderate.mp4,mild,moderate
543,0100,walk,adjacent_severity,joint_noise,single/0100_walk_joint_noise_moderate.mp4,single/0100_walk_joint_noise_severe.mp4,moderate,severe
544,0100,walk,adjacent_severity,frame_drop,single/0100_walk_frame_drop_mild.mp4,single/0100_walk_frame_drop_moderate.mp4,mild,moderate
545,0100,walk,adjacent_severity,frame_drop,single/0100_walk_frame_drop_moderate.mp4,single/0100_walk_frame_drop_severe.mp4,moderate,severe
546,0100,walk,adjacent_severity,smoothing,single/0100_walk_smoothing_mild.mp4,single/0100_walk_smoothing_moderate.mp4,mild,moderate
547,0100,walk,adjacent_severity,smoothing,single/0100_walk_smoothing_severe.mp4,single/0100_walk_smoothing_moderate.mp4,severe,moderate
548,0100,walk,adjacent_severity,param_quantization,single/0100_walk_param_quantization_mild.mp4,single/0100_walk_param_quantization_moderate.mp4,mild,moderate
549,0100,walk,adjacent_severity,param_quantization,single/0100_walk_param_quantization_severe.mp4,single/0100_walk_param_quantization_moderate.mp4,severe,moderate
550,0100,walk,adjacent_severity,vertex_quantization,single/0100_walk_vertex_quantization_moderate.mp4,single/0100_walk_vertex_quantization_mild.mp4,moderate,mild
551,0100,walk,adjacent_severity,vertex_quantization,single/0100_walk_vertex_quantization_moderate.mp4,single/0100_walk_vertex_quantization_severe.mp4,moderate,severe
552,0100,walk,adjacent_severity,mesh_decimation,single/0100_walk_mesh_decimation_moderate.mp4,single/0100_walk_mesh_decimation_mild.mp4,moderate,mild
553,0100,walk,adjacent_severity,mesh_decimation,single/0100_walk_mesh_decimation_severe.mp4,single/0100_walk_mesh_decimation_moderate.mp4,severe,moderate
554,0100,walk,adjacent_severity,texture_compression,single/0100_walk_texture_compression_moderate.mp4,single/0100_walk_texture_compression_mild.mp4,moderate,mild
555,0100,walk,adjacent_severity,texture_compression,single/0100_walk_texture_compression_moderate.mp4,single/0100_walk_texture_compression_severe.mp4,moderate,severe
556,0100,walk,adjacent_severity,motion_blur,single/0100_walk_motion_blur_mild.mp4,single/0100_walk_motion_blur_moderate.mp4,mild,moderate
557,0100,walk,adjacent_severity,motion_blur,single/0100_walk_motion_blur_moderate.mp4,single/0100_walk_motion_blur_severe.mp4,moderate,severe
558,0100,walk,reference_vs_mixed,jitter+texture_compression,mixed/0100_walk_jitter+texture_compression_mild+mild.mp4,single/0100_walk_reference.mp4,mild+mild,reference
559,0100,walk,reference_vs_mixed,jitter+texture_compression,mixed/0100_walk_jitter+texture_compression_severe+severe.mp4,single/0100_walk_reference.mp4,severe+severe,reference
560,0100,walk,reference_vs_mixed,frame_drop+mesh_decimation,single/0100_walk_reference.mp4,mixed/0100_walk_frame_drop+mesh_decimation_mild+mild.mp4,reference,mild+mild
561,0100,walk,reference_vs_mixed,frame_drop+mesh_decimation,single/0100_walk_reference.mp4,mixed/0100_walk_frame_drop+mesh_decimation_severe+severe.mp4,reference,severe+severe
562,0100,walk,reference_vs_mixed,joint_noise+vertex_quantization,single/0100_walk_reference.mp4,mixed/0100_walk_joint_noise+vertex_quantization_mild+mild.mp4,reference,mild+mild
563,0100,walk,reference_vs_mixed,joint_noise+vertex_quantization,single/0100_walk_reference.mp4,mixed/0100_walk_joint_noise+vertex_quantization_severe+severe.mp4,reference,severe+severe
564,0100,walk,reference_vs_mixed,smoothing+texture_compression,single/0100_walk_reference.mp4,mixed/0100_walk_smoothing+texture_compression_mild+mild.mp4,reference,mild+mild
565,0100,walk,reference_vs_mixed,smoothing+texture_compression,mixed/0100_walk_smoothing+texture_compression_severe+severe.mp4,single/0100_walk_reference.mp4,severe+severe,reference
566,0100,walk,reference_vs_mixed,param_quantization+mesh_decimation,single/0100_walk_reference.mp4,mixed/0100_walk_param_quantization+mesh_decimation_mild+mild.mp4,reference,mild+mild
567,0100,walk,reference_vs_mixed,param_quantization+mesh_decimation,mixed/0100_walk_param_quantization+mesh_decimation_severe+severe.mp4,single/0100_walk_reference.mp4,severe+severe,reference
568,0100,walk,reference_vs_mixed,motion_blur+vertex_quantization,single/0100_walk_reference.mp4,mixed/0100_walk_motion_blur+vertex_quantization_mild+mild.mp4,reference,mild+mild
569,0100,walk,reference_vs_mixed,motion_blur+vertex_quantization,single/0100_walk_reference.mp4,mixed/0100_walk_motion_blur+vertex_quantization_severe+severe.mp4,reference,severe+severe
570,0150,bmlmovi_walk,reference_vs_distorted,jitter,single/0150_bmlmovi_walk_jitter_mild.mp4,single/0150_bmlmovi_walk_reference.mp4,mild,reference
571,0150,bmlmovi_walk,reference_vs_distorted,jitter,single/0150_bmlmovi_walk_reference.mp4,single/0150_bmlmovi_walk_jitter_moderate.mp4,reference,moderate
572,0150,bmlmovi_walk,reference_vs_distorted,jitter,single/0150_bmlmovi_walk_reference.mp4,single/0150_bmlmovi_walk_jitter_severe.mp4,reference,severe
573,0150,bmlmovi_walk,reference_vs_distorted,joint_noise,single/0150_bmlmovi_walk_joint_noise_mild.mp4,single/0150_bmlmovi_walk_reference.mp4,mild,reference
574,0150,bmlmovi_walk,reference_vs_distorted,joint_noise,single/0150_bmlmovi_walk_joint_noise_moderate.mp4,single/0150_bmlmovi_walk_reference.mp4,moderate,reference
575,0150,bmlmovi_walk,reference_vs_distorted,joint_noise,single/0150_bmlmovi_walk_joint_noise_severe.mp4,single/0150_bmlmovi_walk_reference.mp4,severe,reference
576,0150,bmlmovi_walk,reference_vs_distorted,frame_drop,single/0150_bmlmovi_walk_frame_drop_mild.mp4,single/0150_bmlmovi_walk_reference.mp4,mild,reference
577,0150,bmlmovi_walk,reference_vs_distorted,frame_drop,single/0150_bmlmovi_walk_frame_drop_moderate.mp4,single/0150_bmlmovi_walk_reference.mp4,moderate,reference
578,0150,bmlmovi_walk,reference_vs_distorted,frame_drop,single/0150_bmlmovi_walk_frame_drop_severe.mp4,single/0150_bmlmovi_walk_reference.mp4,severe,reference
579,0150,bmlmovi_walk,reference_vs_distorted,smoothing,single/0150_bmlmovi_walk_smoothing_mild.mp4,single/0150_bmlmovi_walk_reference.mp4,mild,reference
580,0150,bmlmovi_walk,reference_vs_distorted,smoothing,single/0150_bmlmovi_walk_smoothing_moderate.mp4,single/0150_bmlmovi_walk_reference.mp4,moderate,reference
581,0150,bmlmovi_walk,reference_vs_distorted,smoothing,single/0150_bmlmovi_walk_reference.mp4,single/0150_bmlmovi_walk_smoothing_severe.mp4,reference,severe
582,0150,bmlmovi_walk,reference_vs_distorted,param_quantization,single/0150_bmlmovi_walk_param_quantization_mild.mp4,single/0150_bmlmovi_walk_reference.mp4,mild,reference
583,0150,bmlmovi_walk,reference_vs_distorted,param_quantization,single/0150_bmlmovi_walk_reference.mp4,single/0150_bmlmovi_walk_param_quantization_moderate.mp4,reference,moderate
584,0150,bmlmovi_walk,reference_vs_distorted,param_quantization,single/0150_bmlmovi_walk_param_quantization_severe.mp4,single/0150_bmlmovi_walk_reference.mp4,severe,reference
585,0150,bmlmovi_walk,reference_vs_distorted,vertex_quantization,single/0150_bmlmovi_walk_vertex_quantization_mild.mp4,single/0150_bmlmovi_walk_reference.mp4,mild,reference
586,0150,bmlmovi_walk,reference_vs_distorted,vertex_quantization,single/0150_bmlmovi_walk_reference.mp4,single/0150_bmlmovi_walk_vertex_quantization_moderate.mp4,reference,moderate
587,0150,bmlmovi_walk,reference_vs_distorted,vertex_quantization,single/0150_bmlmovi_walk_reference.mp4,single/0150_bmlmovi_walk_vertex_quantization_severe.mp4,reference,severe
588,0150,bmlmovi_walk,reference_vs_distorted,mesh_decimation,single/0150_bmlmovi_walk_mesh_decimation_mild.mp4,single/0150_bmlmovi_walk_reference.mp4,mild,reference
589,0150,bmlmovi_walk,reference_vs_distorted,mesh_decimation,single/0150_bmlmovi_walk_reference.mp4,single/0150_bmlmovi_walk_mesh_decimation_moderate.mp4,reference,moderate
590,0150,bmlmovi_walk,reference_vs_distorted,mesh_decimation,single/0150_bmlmovi_walk_reference.mp4,single/0150_bmlmovi_walk_mesh_decimation_severe.mp4,reference,severe
591,0150,bmlmovi_walk,reference_vs_distorted,texture_compression,single/0150_bmlmovi_walk_reference.mp4,single/0150_bmlmovi_walk_texture_compression_mild.mp4,reference,mild
592,0150,bmlmovi_walk,reference_vs_distorted,texture_compression,single/0150_bmlmovi_walk_reference.mp4,single/0150_bmlmovi_walk_texture_compression_moderate.mp4,reference,moderate
593,0150,bmlmovi_walk,reference_vs_distorted,texture_compression,single/0150_bmlmovi_walk_texture_compression_severe.mp4,single/0150_bmlmovi_walk_reference.mp4,severe,reference
594,0150,bmlmovi_walk,reference_vs_distorted,motion_blur,single/0150_bmlmovi_walk_motion_blur_mild.mp4,single/0150_bmlmovi_walk_reference.mp4,mild,reference
595,0150,bmlmovi_walk,reference_vs_distorted,motion_blur,single/0150_bmlmovi_walk_reference.mp4,single/0150_bmlmovi_walk_motion_blur_moderate.mp4,reference,moderate
596,0150,bmlmovi_walk,reference_vs_distorted,motion_blur,single/0150_bmlmovi_walk_motion_blur_severe.mp4,single/0150_bmlmovi_walk_reference.mp4,severe,reference
597,0150,bmlmovi_walk,adjacent_severity,jitter,single/0150_bmlmovi_walk_jitter_mild.mp4,single/0150_bmlmovi_walk_jitter_moderate.mp4,mild,moderate
598,0150,bmlmovi_walk,adjacent_severity,jitter,single/0150_bmlmovi_walk_jitter_severe.mp4,single/0150_bmlmovi_walk_jitter_moderate.mp4,severe,moderate
599,0150,bmlmovi_walk,adjacent_severity,joint_noise,single/0150_bmlmovi_walk_joint_noise_mild.mp4,single/0150_bmlmovi_walk_joint_noise_moderate.mp4,mild,moderate
600,0150,bmlmovi_walk,adjacent_severity,joint_noise,single/0150_bmlmovi_walk_joint_noise_moderate.mp4,single/0150_bmlmovi_walk_joint_noise_severe.mp4,moderate,severe
601,0150,bmlmovi_walk,adjacent_severity,frame_drop,single/0150_bmlmovi_walk_frame_drop_mild.mp4,single/0150_bmlmovi_walk_frame_drop_moderate.mp4,mild,moderate
602,0150,bmlmovi_walk,adjacent_severity,frame_drop,single/0150_bmlmovi_walk_frame_drop_moderate.mp4,single/0150_bmlmovi_walk_frame_drop_severe.mp4,moderate,severe
603,0150,bmlmovi_walk,adjacent_severity,smoothing,single/0150_bmlmovi_walk_smoothing_moderate.mp4,single/0150_bmlmovi_walk_smoothing_mild.mp4,moderate,mild
604,0150,bmlmovi_walk,adjacent_severity,smoothing,single/0150_bmlmovi_walk_smoothing_moderate.mp4,single/0150_bmlmovi_walk_smoothing_severe.mp4,moderate,severe
605,0150,bmlmovi_walk,adjacent_severity,param_quantization,single/0150_bmlmovi_walk_param_quantization_mild.mp4,single/0150_bmlmovi_walk_param_quantization_moderate.mp4,mild,moderate
606,0150,bmlmovi_walk,adjacent_severity,param_quantization,single/0150_bmlmovi_walk_param_quantization_severe.mp4,single/0150_bmlmovi_walk_param_quantization_moderate.mp4,severe,moderate
607,0150,bmlmovi_walk,adjacent_severity,vertex_quantization,single/0150_bmlmovi_walk_vertex_quantization_moderate.mp4,single/0150_bmlmovi_walk_vertex_quantization_mild.mp4,moderate,mild
608,0150,bmlmovi_walk,adjacent_severity,vertex_quantization,single/0150_bmlmovi_walk_vertex_quantization_moderate.mp4,single/0150_bmlmovi_walk_vertex_quantization_severe.mp4,moderate,severe
609,0150,bmlmovi_walk,adjacent_severity,mesh_decimation,single/0150_bmlmovi_walk_mesh_decimation_mild.mp4,single/0150_bmlmovi_walk_mesh_decimation_moderate.mp4,mild,moderate
610,0150,bmlmovi_walk,adjacent_severity,mesh_decimation,single/0150_bmlmovi_walk_mesh_decimation_moderate.mp4,single/0150_bmlmovi_walk_mesh_decimation_severe.mp4,moderate,severe
611,0150,bmlmovi_walk,adjacent_severity,texture_compression,single/0150_bmlmovi_walk_texture_compression_mild.mp4,single/0150_bmlmovi_walk_texture_compression_moderate.mp4,mild,moderate
612,0150,bmlmovi_walk,adjacent_severity,texture_compression,single/0150_bmlmovi_walk_texture_compression_moderate.mp4,single/0150_bmlmovi_walk_texture_compression_severe.mp4,moderate,severe
613,0150,bmlmovi_walk,adjacent_severity,motion_blur,single/0150_bmlmovi_walk_motion_blur_mild.mp4,single/0150_bmlmovi_walk_motion_blur_moderate.mp4,mild,moderate
614,0150,bmlmovi_walk,adjacent_severity,motion_blur,single/0150_bmlmovi_walk_motion_blur_moderate.mp4,single/0150_bmlmovi_walk_motion_blur_severe.mp4,moderate,severe
615,0150,bmlmovi_walk,reference_vs_mixed,jitter+texture_compression,single/0150_bmlmovi_walk_reference.mp4,mixed/0150_bmlmovi_walk_jitter+texture_compression_mild+mild.mp4,reference,mild+mild
616,0150,bmlmovi_walk,reference_vs_mixed,jitter+texture_compression,mixed/0150_bmlmovi_walk_jitter+texture_compression_severe+severe.mp4,single/0150_bmlmovi_walk_reference.mp4,severe+severe,reference
617,0150,bmlmovi_walk,reference_vs_mixed,frame_drop+mesh_decimation,mixed/0150_bmlmovi_walk_frame_drop+mesh_decimation_mild+mild.mp4,single/0150_bmlmovi_walk_reference.mp4,mild+mild,reference
618,0150,bmlmovi_walk,reference_vs_mixed,frame_drop+mesh_decimation,mixed/0150_bmlmovi_walk_frame_drop+mesh_decimation_severe+severe.mp4,single/0150_bmlmovi_walk_reference.mp4,severe+severe,reference
619,0150,bmlmovi_walk,reference_vs_mixed,joint_noise+vertex_quantization,single/0150_bmlmovi_walk_reference.mp4,mixed/0150_bmlmovi_walk_joint_noise+vertex_quantization_mild+mild.mp4,reference,mild+mild
620,0150,bmlmovi_walk,reference_vs_mixed,joint_noise+vertex_quantization,single/0150_bmlmovi_walk_reference.mp4,mixed/0150_bmlmovi_walk_joint_noise+vertex_quantization_severe+severe.mp4,reference,severe+severe
621,0150,bmlmovi_walk,reference_vs_mixed,smoothing+texture_compression,mixed/0150_bmlmovi_walk_smoothing+texture_compression_mild+mild.mp4,single/0150_bmlmovi_walk_reference.mp4,mild+mild,reference
622,0150,bmlmovi_walk,reference_vs_mixed,smoothing+texture_compression,single/0150_bmlmovi_walk_reference.mp4,mixed/0150_bmlmovi_walk_smoothing+texture_compression_severe+severe.mp4,reference,severe+severe
623,0150,bmlmovi_walk,reference_vs_mixed,param_quantization+mesh_decimation,single/0150_bmlmovi_walk_reference.mp4,mixed/0150_bmlmovi_walk_param_quantization+mesh_decimation_mild+mild.mp4,reference,mild+mild
624,0150,bmlmovi_walk,reference_vs_mixed,param_quantization+mesh_decimation,single/0150_bmlmovi_walk_reference.mp4,mixed/0150_bmlmovi_walk_param_quantization+mesh_decimation_severe+severe.mp4,reference,severe+severe
625,0150,bmlmovi_walk,reference_vs_mixed,motion_blur+vertex_quantization,single/0150_bmlmovi_walk_reference.mp4,mixed/0150_bmlmovi_walk_motion_blur+vertex_quantization_mild+mild.mp4,reference,mild+mild
626,0150,bmlmovi_walk,reference_vs_mixed,motion_blur+vertex_quantization,mixed/0150_bmlmovi_walk_motion_blur+vertex_quantization_severe+severe.mp4,single/0150_bmlmovi_walk_reference.mp4,severe+severe,reference
627,0150,front_kick,reference_vs_distorted,jitter,single/0150_front_kick_reference.mp4,single/0150_front_kick_jitter_mild.mp4,reference,mild
628,0150,front_kick,reference_vs_distorted,jitter,single/0150_front_kick_jitter_moderate.mp4,single/0150_front_kick_reference.mp4,moderate,reference
629,0150,front_kick,reference_vs_distorted,jitter,single/0150_front_kick_jitter_severe.mp4,single/0150_front_kick_reference.mp4,severe,reference
630,0150,front_kick,reference_vs_distorted,joint_noise,single/0150_front_kick_joint_noise_mild.mp4,single/0150_front_kick_reference.mp4,mild,reference
631,0150,front_kick,reference_vs_distorted,joint_noise,single/0150_front_kick_reference.mp4,single/0150_front_kick_joint_noise_moderate.mp4,reference,moderate
632,0150,front_kick,reference_vs_distorted,joint_noise,single/0150_front_kick_reference.mp4,single/0150_front_kick_joint_noise_severe.mp4,reference,severe
633,0150,front_kick,reference_vs_distorted,frame_drop,single/0150_front_kick_reference.mp4,single/0150_front_kick_frame_drop_mild.mp4,reference,mild
634,0150,front_kick,reference_vs_distorted,frame_drop,single/0150_front_kick_reference.mp4,single/0150_front_kick_frame_drop_moderate.mp4,reference,moderate
635,0150,front_kick,reference_vs_distorted,frame_drop,single/0150_front_kick_reference.mp4,single/0150_front_kick_frame_drop_severe.mp4,reference,severe
636,0150,front_kick,reference_vs_distorted,smoothing,single/0150_front_kick_smoothing_mild.mp4,single/0150_front_kick_reference.mp4,mild,reference
637,0150,front_kick,reference_vs_distorted,smoothing,single/0150_front_kick_smoothing_moderate.mp4,single/0150_front_kick_reference.mp4,moderate,reference
638,0150,front_kick,reference_vs_distorted,smoothing,single/0150_front_kick_smoothing_severe.mp4,single/0150_front_kick_reference.mp4,severe,reference
639,0150,front_kick,reference_vs_distorted,param_quantization,single/0150_front_kick_reference.mp4,single/0150_front_kick_param_quantization_mild.mp4,reference,mild
640,0150,front_kick,reference_vs_distorted,param_quantization,single/0150_front_kick_reference.mp4,single/0150_front_kick_param_quantization_moderate.mp4,reference,moderate
641,0150,front_kick,reference_vs_distorted,param_quantization,single/0150_front_kick_param_quantization_severe.mp4,single/0150_front_kick_reference.mp4,severe,reference
642,0150,front_kick,reference_vs_distorted,vertex_quantization,single/0150_front_kick_vertex_quantization_mild.mp4,single/0150_front_kick_reference.mp4,mild,reference
643,0150,front_kick,reference_vs_distorted,vertex_quantization,single/0150_front_kick_reference.mp4,single/0150_front_kick_vertex_quantization_moderate.mp4,reference,moderate
644,0150,front_kick,reference_vs_distorted,vertex_quantization,single/0150_front_kick_vertex_quantization_severe.mp4,single/0150_front_kick_reference.mp4,severe,reference
645,0150,front_kick,reference_vs_distorted,mesh_decimation,single/0150_front_kick_reference.mp4,single/0150_front_kick_mesh_decimation_mild.mp4,reference,mild
646,0150,front_kick,reference_vs_distorted,mesh_decimation,single/0150_front_kick_reference.mp4,single/0150_front_kick_mesh_decimation_moderate.mp4,reference,moderate
647,0150,front_kick,reference_vs_distorted,mesh_decimation,single/0150_front_kick_mesh_decimation_severe.mp4,single/0150_front_kick_reference.mp4,severe,reference
648,0150,front_kick,reference_vs_distorted,texture_compression,single/0150_front_kick_texture_compression_mild.mp4,single/0150_front_kick_reference.mp4,mild,reference
649,0150,front_kick,reference_vs_distorted,texture_compression,single/0150_front_kick_texture_compression_moderate.mp4,single/0150_front_kick_reference.mp4,moderate,reference
650,0150,front_kick,reference_vs_distorted,texture_compression,single/0150_front_kick_texture_compression_severe.mp4,single/0150_front_kick_reference.mp4,severe,reference
651,0150,front_kick,reference_vs_distorted,motion_blur,single/0150_front_kick_reference.mp4,single/0150_front_kick_motion_blur_mild.mp4,reference,mild
652,0150,front_kick,reference_vs_distorted,motion_blur,single/0150_front_kick_reference.mp4,single/0150_front_kick_motion_blur_moderate.mp4,reference,moderate
653,0150,front_kick,reference_vs_distorted,motion_blur,single/0150_front_kick_reference.mp4,single/0150_front_kick_motion_blur_severe.mp4,reference,severe
654,0150,front_kick,adjacent_severity,jitter,single/0150_front_kick_jitter_moderate.mp4,single/0150_front_kick_jitter_mild.mp4,moderate,mild
655,0150,front_kick,adjacent_severity,jitter,single/0150_front_kick_jitter_severe.mp4,single/0150_front_kick_jitter_moderate.mp4,severe,moderate
656,0150,front_kick,adjacent_severity,joint_noise,single/0150_front_kick_joint_noise_moderate.mp4,single/0150_front_kick_joint_noise_mild.mp4,moderate,mild
657,0150,front_kick,adjacent_severity,joint_noise,single/0150_front_kick_joint_noise_severe.mp4,single/0150_front_kick_joint_noise_moderate.mp4,severe,moderate
658,0150,front_kick,adjacent_severity,frame_drop,single/0150_front_kick_frame_drop_moderate.mp4,single/0150_front_kick_frame_drop_mild.mp4,moderate,mild
659,0150,front_kick,adjacent_severity,frame_drop,single/0150_front_kick_frame_drop_severe.mp4,single/0150_front_kick_frame_drop_moderate.mp4,severe,moderate
660,0150,front_kick,adjacent_severity,smoothing,single/0150_front_kick_smoothing_mild.mp4,single/0150_front_kick_smoothing_moderate.mp4,mild,moderate
661,0150,front_kick,adjacent_severity,smoothing,single/0150_front_kick_smoothing_severe.mp4,single/0150_front_kick_smoothing_moderate.mp4,severe,moderate
662,0150,front_kick,adjacent_severity,param_quantization,single/0150_front_kick_param_quantization_mild.mp4,single/0150_front_kick_param_quantization_moderate.mp4,mild,moderate
663,0150,front_kick,adjacent_severity,param_quantization,single/0150_front_kick_param_quantization_severe.mp4,single/0150_front_kick_param_quantization_moderate.mp4,severe,moderate
664,0150,front_kick,adjacent_severity,vertex_quantization,single/0150_front_kick_vertex_quantization_mild.mp4,single/0150_front_kick_vertex_quantization_moderate.mp4,mild,moderate
665,0150,front_kick,adjacent_severity,vertex_quantization,single/0150_front_kick_vertex_quantization_severe.mp4,single/0150_front_kick_vertex_quantization_moderate.mp4,severe,moderate
666,0150,front_kick,adjacent_severity,mesh_decimation,single/0150_front_kick_mesh_decimation_moderate.mp4,single/0150_front_kick_mesh_decimation_mild.mp4,moderate,mild
667,0150,front_kick,adjacent_severity,mesh_decimation,single/0150_front_kick_mesh_decimation_moderate.mp4,single/0150_front_kick_mesh_decimation_severe.mp4,moderate,severe
668,0150,front_kick,adjacent_severity,texture_compression,single/0150_front_kick_texture_compression_mild.mp4,single/0150_front_kick_texture_compression_moderate.mp4,mild,moderate
669,0150,front_kick,adjacent_severity,texture_compression,single/0150_front_kick_texture_compression_moderate.mp4,single/0150_front_kick_texture_compression_severe.mp4,moderate,severe
670,0150,front_kick,adjacent_severity,motion_blur,single/0150_front_kick_motion_blur_moderate.mp4,single/0150_front_kick_motion_blur_mild.mp4,moderate,mild
671,0150,front_kick,adjacent_severity,motion_blur,single/0150_front_kick_motion_blur_severe.mp4,single/0150_front_kick_motion_blur_moderate.mp4,severe,moderate
672,0150,front_kick,reference_vs_mixed,jitter+texture_compression,single/0150_front_kick_reference.mp4,mixed/0150_front_kick_jitter+texture_compression_mild+mild.mp4,reference,mild+mild
673,0150,front_kick,reference_vs_mixed,jitter+texture_compression,single/0150_front_kick_reference.mp4,mixed/0150_front_kick_jitter+texture_compression_severe+severe.mp4,reference,severe+severe
674,0150,front_kick,reference_vs_mixed,frame_drop+mesh_decimation,mixed/0150_front_kick_frame_drop+mesh_decimation_mild+mild.mp4,single/0150_front_kick_reference.mp4,mild+mild,reference
675,0150,front_kick,reference_vs_mixed,frame_drop+mesh_decimation,mixed/0150_front_kick_frame_drop+mesh_decimation_severe+severe.mp4,single/0150_front_kick_reference.mp4,severe+severe,reference
676,0150,front_kick,reference_vs_mixed,joint_noise+vertex_quantization,single/0150_front_kick_reference.mp4,mixed/0150_front_kick_joint_noise+vertex_quantization_mild+mild.mp4,reference,mild+mild
677,0150,front_kick,reference_vs_mixed,joint_noise+vertex_quantization,single/0150_front_kick_reference.mp4,mixed/0150_front_kick_joint_noise+vertex_quantization_severe+severe.mp4,reference,severe+severe
678,0150,front_kick,reference_vs_mixed,smoothing+texture_compression,mixed/0150_front_kick_smoothing+texture_compression_mild+mild.mp4,single/0150_front_kick_reference.mp4,mild+mild,reference
679,0150,front_kick,reference_vs_mixed,smoothing+texture_compression,single/0150_front_kick_reference.mp4,mixed/0150_front_kick_smoothing+texture_compression_severe+severe.mp4,reference,severe+severe
680,0150,front_kick,reference_vs_mixed,param_quantization+mesh_decimation,single/0150_front_kick_reference.mp4,mixed/0150_front_kick_param_quantization+mesh_decimation_mild+mild.mp4,reference,mild+mild
681,0150,front_kick,reference_vs_mixed,param_quantization+mesh_decimation,single/0150_front_kick_reference.mp4,mixed/0150_front_kick_param_quantization+mesh_decimation_severe+severe.mp4,reference,severe+severe
682,0150,front_kick,reference_vs_mixed,motion_blur+vertex_quantization,mixed/0150_front_kick_motion_blur+vertex_quantization_mild+mild.mp4,single/0150_front_kick_reference.mp4,mild+mild,reference
683,0150,front_kick,reference_vs_mixed,motion_blur+vertex_quantization,mixed/0150_front_kick_motion_blur+vertex_quantization_severe+severe.mp4,single/0150_front_kick_reference.mp4,severe+severe,reference
684,0150,pickup_box,reference_vs_distorted,jitter,single/0150_pickup_box_jitter_mild.mp4,single/0150_pickup_box_reference.mp4,mild,reference
685,0150,pickup_box,reference_vs_distorted,jitter,single/0150_pickup_box_reference.mp4,single/0150_pickup_box_jitter_moderate.mp4,reference,moderate
686,0150,pickup_box,reference_vs_distorted,jitter,single/0150_pickup_box_reference.mp4,single/0150_pickup_box_jitter_severe.mp4,reference,severe
687,0150,pickup_box,reference_vs_distorted,joint_noise,single/0150_pickup_box_reference.mp4,single/0150_pickup_box_joint_noise_mild.mp4,reference,mild
688,0150,pickup_box,reference_vs_distorted,joint_noise,single/0150_pickup_box_joint_noise_moderate.mp4,single/0150_pickup_box_reference.mp4,moderate,reference
689,0150,pickup_box,reference_vs_distorted,joint_noise,single/0150_pickup_box_joint_noise_severe.mp4,single/0150_pickup_box_reference.mp4,severe,reference
690,0150,pickup_box,reference_vs_distorted,frame_drop,single/0150_pickup_box_reference.mp4,single/0150_pickup_box_frame_drop_mild.mp4,reference,mild
691,0150,pickup_box,reference_vs_distorted,frame_drop,single/0150_pickup_box_reference.mp4,single/0150_pickup_box_frame_drop_moderate.mp4,reference,moderate
692,0150,pickup_box,reference_vs_distorted,frame_drop,single/0150_pickup_box_reference.mp4,single/0150_pickup_box_frame_drop_severe.mp4,reference,severe
693,0150,pickup_box,reference_vs_distorted,smoothing,single/0150_pickup_box_smoothing_mild.mp4,single/0150_pickup_box_reference.mp4,mild,reference
694,0150,pickup_box,reference_vs_distorted,smoothing,single/0150_pickup_box_reference.mp4,single/0150_pickup_box_smoothing_moderate.mp4,reference,moderate
695,0150,pickup_box,reference_vs_distorted,smoothing,single/0150_pickup_box_reference.mp4,single/0150_pickup_box_smoothing_severe.mp4,reference,severe
696,0150,pickup_box,reference_vs_distorted,param_quantization,single/0150_pickup_box_param_quantization_mild.mp4,single/0150_pickup_box_reference.mp4,mild,reference
697,0150,pickup_box,reference_vs_distorted,param_quantization,single/0150_pickup_box_param_quantization_moderate.mp4,single/0150_pickup_box_reference.mp4,moderate,reference
698,0150,pickup_box,reference_vs_distorted,param_quantization,single/0150_pickup_box_reference.mp4,single/0150_pickup_box_param_quantization_severe.mp4,reference,severe
699,0150,pickup_box,reference_vs_distorted,vertex_quantization,single/0150_pickup_box_reference.mp4,single/0150_pickup_box_vertex_quantization_mild.mp4,reference,mild
700,0150,pickup_box,reference_vs_distorted,vertex_quantization,single/0150_pickup_box_reference.mp4,single/0150_pickup_box_vertex_quantization_moderate.mp4,reference,moderate
701,0150,pickup_box,reference_vs_distorted,vertex_quantization,single/0150_pickup_box_reference.mp4,single/0150_pickup_box_vertex_quantization_severe.mp4,reference,severe
702,0150,pickup_box,reference_vs_distorted,mesh_decimation,single/0150_pickup_box_mesh_decimation_mild.mp4,single/0150_pickup_box_reference.mp4,mild,reference
703,0150,pickup_box,reference_vs_distorted,mesh_decimation,single/0150_pickup_box_reference.mp4,single/0150_pickup_box_mesh_decimation_moderate.mp4,reference,moderate
704,0150,pickup_box,reference_vs_distorted,mesh_decimation,single/0150_pickup_box_mesh_decimation_severe.mp4,single/0150_pickup_box_reference.mp4,severe,reference
705,0150,pickup_box,reference_vs_distorted,texture_compression,single/0150_pickup_box_texture_compression_mild.mp4,single/0150_pickup_box_reference.mp4,mild,reference
706,0150,pickup_box,reference_vs_distorted,texture_compression,single/0150_pickup_box_texture_compression_moderate.mp4,single/0150_pickup_box_reference.mp4,moderate,reference
707,0150,pickup_box,reference_vs_distorted,texture_compression,single/0150_pickup_box_reference.mp4,single/0150_pickup_box_texture_compression_severe.mp4,reference,severe
708,0150,pickup_box,reference_vs_distorted,motion_blur,single/0150_pickup_box_motion_blur_mild.mp4,single/0150_pickup_box_reference.mp4,mild,reference
709,0150,pickup_box,reference_vs_distorted,motion_blur,single/0150_pickup_box_reference.mp4,single/0150_pickup_box_motion_blur_moderate.mp4,reference,moderate
710,0150,pickup_box,reference_vs_distorted,motion_blur,single/0150_pickup_box_motion_blur_severe.mp4,single/0150_pickup_box_reference.mp4,severe,reference
711,0150,pickup_box,adjacent_severity,jitter,single/0150_pickup_box_jitter_mild.mp4,single/0150_pickup_box_jitter_moderate.mp4,mild,moderate
712,0150,pickup_box,adjacent_severity,jitter,single/0150_pickup_box_jitter_moderate.mp4,single/0150_pickup_box_jitter_severe.mp4,moderate,severe
713,0150,pickup_box,adjacent_severity,joint_noise,single/0150_pickup_box_joint_noise_moderate.mp4,single/0150_pickup_box_joint_noise_mild.mp4,moderate,mild
714,0150,pickup_box,adjacent_severity,joint_noise,single/0150_pickup_box_joint_noise_moderate.mp4,single/0150_pickup_box_joint_noise_severe.mp4,moderate,severe
715,0150,pickup_box,adjacent_severity,frame_drop,single/0150_pickup_box_frame_drop_moderate.mp4,single/0150_pickup_box_frame_drop_mild.mp4,moderate,mild
716,0150,pickup_box,adjacent_severity,frame_drop,single/0150_pickup_box_frame_drop_moderate.mp4,single/0150_pickup_box_frame_drop_severe.mp4,moderate,severe
717,0150,pickup_box,adjacent_severity,smoothing,single/0150_pickup_box_smoothing_mild.mp4,single/0150_pickup_box_smoothing_moderate.mp4,mild,moderate
718,0150,pickup_box,adjacent_severity,smoothing,single/0150_pickup_box_smoothing_moderate.mp4,single/0150_pickup_box_smoothing_severe.mp4,moderate,severe
719,0150,pickup_box,adjacent_severity,param_quantization,single/0150_pickup_box_param_quantization_mild.mp4,single/0150_pickup_box_param_quantization_moderate.mp4,mild,moderate
720,0150,pickup_box,adjacent_severity,param_quantization,single/0150_pickup_box_param_quantization_severe.mp4,single/0150_pickup_box_param_quantization_moderate.mp4,severe,moderate
721,0150,pickup_box,adjacent_severity,vertex_quantization,single/0150_pickup_box_vertex_quantization_moderate.mp4,single/0150_pickup_box_vertex_quantization_mild.mp4,moderate,mild
722,0150,pickup_box,adjacent_severity,vertex_quantization,single/0150_pickup_box_vertex_quantization_moderate.mp4,single/0150_pickup_box_vertex_quantization_severe.mp4,moderate,severe
723,0150,pickup_box,adjacent_severity,mesh_decimation,single/0150_pickup_box_mesh_decimation_mild.mp4,single/0150_pickup_box_mesh_decimation_moderate.mp4,mild,moderate
724,0150,pickup_box,adjacent_severity,mesh_decimation,single/0150_pickup_box_mesh_decimation_moderate.mp4,single/0150_pickup_box_mesh_decimation_severe.mp4,moderate,severe
725,0150,pickup_box,adjacent_severity,texture_compression,single/0150_pickup_box_texture_compression_moderate.mp4,single/0150_pickup_box_texture_compression_mild.mp4,moderate,mild
726,0150,pickup_box,adjacent_severity,texture_compression,single/0150_pickup_box_texture_compression_moderate.mp4,single/0150_pickup_box_texture_compression_severe.mp4,moderate,severe
727,0150,pickup_box,adjacent_severity,motion_blur,single/0150_pickup_box_motion_blur_mild.mp4,single/0150_pickup_box_motion_blur_moderate.mp4,mild,moderate
728,0150,pickup_box,adjacent_severity,motion_blur,single/0150_pickup_box_motion_blur_moderate.mp4,single/0150_pickup_box_motion_blur_severe.mp4,moderate,severe
729,0150,pickup_box,reference_vs_mixed,jitter+texture_compression,single/0150_pickup_box_reference.mp4,mixed/0150_pickup_box_jitter+texture_compression_mild+mild.mp4,reference,mild+mild
730,0150,pickup_box,reference_vs_mixed,jitter+texture_compression,mixed/0150_pickup_box_jitter+texture_compression_severe+severe.mp4,single/0150_pickup_box_reference.mp4,severe+severe,reference
731,0150,pickup_box,reference_vs_mixed,frame_drop+mesh_decimation,mixed/0150_pickup_box_frame_drop+mesh_decimation_mild+mild.mp4,single/0150_pickup_box_reference.mp4,mild+mild,reference
732,0150,pickup_box,reference_vs_mixed,frame_drop+mesh_decimation,mixed/0150_pickup_box_frame_drop+mesh_decimation_severe+severe.mp4,single/0150_pickup_box_reference.mp4,severe+severe,reference
733,0150,pickup_box,reference_vs_mixed,joint_noise+vertex_quantization,mixed/0150_pickup_box_joint_noise+vertex_quantization_mild+mild.mp4,single/0150_pickup_box_reference.mp4,mild+mild,reference
734,0150,pickup_box,reference_vs_mixed,joint_noise+vertex_quantization,mixed/0150_pickup_box_joint_noise+vertex_quantization_severe+severe.mp4,single/0150_pickup_box_reference.mp4,severe+severe,reference
735,0150,pickup_box,reference_vs_mixed,smoothing+texture_compression,single/0150_pickup_box_reference.mp4,mixed/0150_pickup_box_smoothing+texture_compression_mild+mild.mp4,reference,mild+mild
736,0150,pickup_box,reference_vs_mixed,smoothing+texture_compression,single/0150_pickup_box_reference.mp4,mixed/0150_pickup_box_smoothing+texture_compression_severe+severe.mp4,reference,severe+severe
737,0150,pickup_box,reference_vs_mixed,param_quantization+mesh_decimation,mixed/0150_pickup_box_param_quantization+mesh_decimation_mild+mild.mp4,single/0150_pickup_box_reference.mp4,mild+mild,reference
738,0150,pickup_box,reference_vs_mixed,param_quantization+mesh_decimation,mixed/0150_pickup_box_param_quantization+mesh_decimation_severe+severe.mp4,single/0150_pickup_box_reference.mp4,severe+severe,reference
739,0150,pickup_box,reference_vs_mixed,motion_blur+vertex_quantization,single/0150_pickup_box_reference.mp4,mixed/0150_pickup_box_motion_blur+vertex_quantization_mild+mild.mp4,reference,mild+mild
740,0150,pickup_box,reference_vs_mixed,motion_blur+vertex_quantization,mixed/0150_pickup_box_motion_blur+vertex_quantization_severe+severe.mp4,single/0150_pickup_box_reference.mp4,severe+severe,reference
741,0150,run,reference_vs_distorted,jitter,single/0150_run_reference.mp4,single/0150_run_jitter_mild.mp4,reference,mild
742,0150,run,reference_vs_distorted,jitter,single/0150_run_reference.mp4,single/0150_run_jitter_moderate.mp4,reference,moderate
743,0150,run,reference_vs_distorted,jitter,single/0150_run_reference.mp4,single/0150_run_jitter_severe.mp4,reference,severe
744,0150,run,reference_vs_distorted,joint_noise,single/0150_run_reference.mp4,single/0150_run_joint_noise_mild.mp4,reference,mild
745,0150,run,reference_vs_distorted,joint_noise,single/0150_run_reference.mp4,single/0150_run_joint_noise_moderate.mp4,reference,moderate
746,0150,run,reference_vs_distorted,joint_noise,single/0150_run_reference.mp4,single/0150_run_joint_noise_severe.mp4,reference,severe
747,0150,run,reference_vs_distorted,frame_drop,single/0150_run_reference.mp4,single/0150_run_frame_drop_mild.mp4,reference,mild
748,0150,run,reference_vs_distorted,frame_drop,single/0150_run_frame_drop_moderate.mp4,single/0150_run_reference.mp4,moderate,reference
749,0150,run,reference_vs_distorted,frame_drop,single/0150_run_reference.mp4,single/0150_run_frame_drop_severe.mp4,reference,severe
750,0150,run,reference_vs_distorted,smoothing,single/0150_run_smoothing_mild.mp4,single/0150_run_reference.mp4,mild,reference
751,0150,run,reference_vs_distorted,smoothing,single/0150_run_reference.mp4,single/0150_run_smoothing_moderate.mp4,reference,moderate
752,0150,run,reference_vs_distorted,smoothing,single/0150_run_reference.mp4,single/0150_run_smoothing_severe.mp4,reference,severe
753,0150,run,reference_vs_distorted,param_quantization,single/0150_run_param_quantization_mild.mp4,single/0150_run_reference.mp4,mild,reference
754,0150,run,reference_vs_distorted,param_quantization,single/0150_run_param_quantization_moderate.mp4,single/0150_run_reference.mp4,moderate,reference
755,0150,run,reference_vs_distorted,param_quantization,single/0150_run_reference.mp4,single/0150_run_param_quantization_severe.mp4,reference,severe
756,0150,run,reference_vs_distorted,vertex_quantization,single/0150_run_reference.mp4,single/0150_run_vertex_quantization_mild.mp4,reference,mild
757,0150,run,reference_vs_distorted,vertex_quantization,single/0150_run_reference.mp4,single/0150_run_vertex_quantization_moderate.mp4,reference,moderate
758,0150,run,reference_vs_distorted,vertex_quantization,single/0150_run_reference.mp4,single/0150_run_vertex_quantization_severe.mp4,reference,severe
759,0150,run,reference_vs_distorted,mesh_decimation,single/0150_run_mesh_decimation_mild.mp4,single/0150_run_reference.mp4,mild,reference
760,0150,run,reference_vs_distorted,mesh_decimation,single/0150_run_reference.mp4,single/0150_run_mesh_decimation_moderate.mp4,reference,moderate
761,0150,run,reference_vs_distorted,mesh_decimation,single/0150_run_reference.mp4,single/0150_run_mesh_decimation_severe.mp4,reference,severe
762,0150,run,reference_vs_distorted,texture_compression,single/0150_run_texture_compression_mild.mp4,single/0150_run_reference.mp4,mild,reference
763,0150,run,reference_vs_distorted,texture_compression,single/0150_run_reference.mp4,single/0150_run_texture_compression_moderate.mp4,reference,moderate
764,0150,run,reference_vs_distorted,texture_compression,single/0150_run_reference.mp4,single/0150_run_texture_compression_severe.mp4,reference,severe
765,0150,run,reference_vs_distorted,motion_blur,single/0150_run_motion_blur_mild.mp4,single/0150_run_reference.mp4,mild,reference
766,0150,run,reference_vs_distorted,motion_blur,single/0150_run_motion_blur_moderate.mp4,single/0150_run_reference.mp4,moderate,reference
767,0150,run,reference_vs_distorted,motion_blur,single/0150_run_reference.mp4,single/0150_run_motion_blur_severe.mp4,reference,severe
768,0150,run,adjacent_severity,jitter,single/0150_run_jitter_mild.mp4,single/0150_run_jitter_moderate.mp4,mild,moderate
769,0150,run,adjacent_severity,jitter,single/0150_run_jitter_moderate.mp4,single/0150_run_jitter_severe.mp4,moderate,severe
770,0150,run,adjacent_severity,joint_noise,single/0150_run_joint_noise_moderate.mp4,single/0150_run_joint_noise_mild.mp4,moderate,mild
771,0150,run,adjacent_severity,joint_noise,single/0150_run_joint_noise_moderate.mp4,single/0150_run_joint_noise_severe.mp4,moderate,severe
772,0150,run,adjacent_severity,frame_drop,single/0150_run_frame_drop_moderate.mp4,single/0150_run_frame_drop_mild.mp4,moderate,mild
773,0150,run,adjacent_severity,frame_drop,single/0150_run_frame_drop_severe.mp4,single/0150_run_frame_drop_moderate.mp4,severe,moderate
774,0150,run,adjacent_severity,smoothing,single/0150_run_smoothing_mild.mp4,single/0150_run_smoothing_moderate.mp4,mild,moderate
775,0150,run,adjacent_severity,smoothing,single/0150_run_smoothing_moderate.mp4,single/0150_run_smoothing_severe.mp4,moderate,severe
776,0150,run,adjacent_severity,param_quantization,single/0150_run_param_quantization_moderate.mp4,single/0150_run_param_quantization_mild.mp4,moderate,mild
777,0150,run,adjacent_severity,param_quantization,single/0150_run_param_quantization_severe.mp4,single/0150_run_param_quantization_moderate.mp4,severe,moderate
778,0150,run,adjacent_severity,vertex_quantization,single/0150_run_vertex_quantization_mild.mp4,single/0150_run_vertex_quantization_moderate.mp4,mild,moderate
779,0150,run,adjacent_severity,vertex_quantization,single/0150_run_vertex_quantization_severe.mp4,single/0150_run_vertex_quantization_moderate.mp4,severe,moderate
780,0150,run,adjacent_severity,mesh_decimation,single/0150_run_mesh_decimation_mild.mp4,single/0150_run_mesh_decimation_moderate.mp4,mild,moderate
781,0150,run,adjacent_severity,mesh_decimation,single/0150_run_mesh_decimation_moderate.mp4,single/0150_run_mesh_decimation_severe.mp4,moderate,severe
782,0150,run,adjacent_severity,texture_compression,single/0150_run_texture_compression_mild.mp4,single/0150_run_texture_compression_moderate.mp4,mild,moderate
783,0150,run,adjacent_severity,texture_compression,single/0150_run_texture_compression_severe.mp4,single/0150_run_texture_compression_moderate.mp4,severe,moderate
784,0150,run,adjacent_severity,motion_blur,single/0150_run_motion_blur_moderate.mp4,single/0150_run_motion_blur_mild.mp4,moderate,mild
785,0150,run,adjacent_severity,motion_blur,single/0150_run_motion_blur_severe.mp4,single/0150_run_motion_blur_moderate.mp4,severe,moderate
786,0150,run,reference_vs_mixed,jitter+texture_compression,mixed/0150_run_jitter+texture_compression_mild+mild.mp4,single/0150_run_reference.mp4,mild+mild,reference
787,0150,run,reference_vs_mixed,jitter+texture_compression,single/0150_run_reference.mp4,mixed/0150_run_jitter+texture_compression_severe+severe.mp4,reference,severe+severe
788,0150,run,reference_vs_mixed,frame_drop+mesh_decimation,single/0150_run_reference.mp4,mixed/0150_run_frame_drop+mesh_decimation_mild+mild.mp4,reference,mild+mild
789,0150,run,reference_vs_mixed,frame_drop+mesh_decimation,single/0150_run_reference.mp4,mixed/0150_run_frame_drop+mesh_decimation_severe+severe.mp4,reference,severe+severe
790,0150,run,reference_vs_mixed,joint_noise+vertex_quantization,mixed/0150_run_joint_noise+vertex_quantization_mild+mild.mp4,single/0150_run_reference.mp4,mild+mild,reference
791,0150,run,reference_vs_mixed,joint_noise+vertex_quantization,mixed/0150_run_joint_noise+vertex_quantization_severe+severe.mp4,single/0150_run_reference.mp4,severe+severe,reference
792,0150,run,reference_vs_mixed,smoothing+texture_compression,single/0150_run_reference.mp4,mixed/0150_run_smoothing+texture_compression_mild+mild.mp4,reference,mild+mild
793,0150,run,reference_vs_mixed,smoothing+texture_compression,single/0150_run_reference.mp4,mixed/0150_run_smoothing+texture_compression_severe+severe.mp4,reference,severe+severe
794,0150,run,reference_vs_mixed,param_quantization+mesh_decimation,single/0150_run_reference.mp4,mixed/0150_run_param_quantization+mesh_decimation_mild+mild.mp4,reference,mild+mild
795,0150,run,reference_vs_mixed,param_quantization+mesh_decimation,single/0150_run_reference.mp4,mixed/0150_run_param_quantization+mesh_decimation_severe+severe.mp4,reference,severe+severe
796,0150,run,reference_vs_mixed,motion_blur+vertex_quantization,mixed/0150_run_motion_blur+vertex_quantization_mild+mild.mp4,single/0150_run_reference.mp4,mild+mild,reference
797,0150,run,reference_vs_mixed,motion_blur+vertex_quantization,single/0150_run_reference.mp4,mixed/0150_run_motion_blur+vertex_quantization_severe+severe.mp4,reference,severe+severe
798,0150,walk,reference_vs_distorted,jitter,single/0150_walk_jitter_mild.mp4,single/0150_walk_reference.mp4,mild,reference
799,0150,walk,reference_vs_distorted,jitter,single/0150_walk_jitter_moderate.mp4,single/0150_walk_reference.mp4,moderate,reference
800,0150,walk,reference_vs_distorted,jitter,single/0150_walk_jitter_severe.mp4,single/0150_walk_reference.mp4,severe,reference
801,0150,walk,reference_vs_distorted,joint_noise,single/0150_walk_joint_noise_mild.mp4,single/0150_walk_reference.mp4,mild,reference
802,0150,walk,reference_vs_distorted,joint_noise,single/0150_walk_joint_noise_moderate.mp4,single/0150_walk_reference.mp4,moderate,reference
803,0150,walk,reference_vs_distorted,joint_noise,single/0150_walk_reference.mp4,single/0150_walk_joint_noise_severe.mp4,reference,severe
804,0150,walk,reference_vs_distorted,frame_drop,single/0150_walk_reference.mp4,single/0150_walk_frame_drop_mild.mp4,reference,mild
805,0150,walk,reference_vs_distorted,frame_drop,single/0150_walk_reference.mp4,single/0150_walk_frame_drop_moderate.mp4,reference,moderate
806,0150,walk,reference_vs_distorted,frame_drop,single/0150_walk_frame_drop_severe.mp4,single/0150_walk_reference.mp4,severe,reference
807,0150,walk,reference_vs_distorted,smoothing,single/0150_walk_reference.mp4,single/0150_walk_smoothing_mild.mp4,reference,mild
808,0150,walk,reference_vs_distorted,smoothing,single/0150_walk_reference.mp4,single/0150_walk_smoothing_moderate.mp4,reference,moderate
809,0150,walk,reference_vs_distorted,smoothing,single/0150_walk_smoothing_severe.mp4,single/0150_walk_reference.mp4,severe,reference
810,0150,walk,reference_vs_distorted,param_quantization,single/0150_walk_reference.mp4,single/0150_walk_param_quantization_mild.mp4,reference,mild
811,0150,walk,reference_vs_distorted,param_quantization,single/0150_walk_reference.mp4,single/0150_walk_param_quantization_moderate.mp4,reference,moderate
812,0150,walk,reference_vs_distorted,param_quantization,single/0150_walk_reference.mp4,single/0150_walk_param_quantization_severe.mp4,reference,severe
813,0150,walk,reference_vs_distorted,vertex_quantization,single/0150_walk_vertex_quantization_mild.mp4,single/0150_walk_reference.mp4,mild,reference
814,0150,walk,reference_vs_distorted,vertex_quantization,single/0150_walk_reference.mp4,single/0150_walk_vertex_quantization_moderate.mp4,reference,moderate
815,0150,walk,reference_vs_distorted,vertex_quantization,single/0150_walk_vertex_quantization_severe.mp4,single/0150_walk_reference.mp4,severe,reference
816,0150,walk,reference_vs_distorted,mesh_decimation,single/0150_walk_mesh_decimation_mild.mp4,single/0150_walk_reference.mp4,mild,reference
817,0150,walk,reference_vs_distorted,mesh_decimation,single/0150_walk_mesh_decimation_moderate.mp4,single/0150_walk_reference.mp4,moderate,reference
818,0150,walk,reference_vs_distorted,mesh_decimation,single/0150_walk_reference.mp4,single/0150_walk_mesh_decimation_severe.mp4,reference,severe
819,0150,walk,reference_vs_distorted,texture_compression,single/0150_walk_reference.mp4,single/0150_walk_texture_compression_mild.mp4,reference,mild
820,0150,walk,reference_vs_distorted,texture_compression,single/0150_walk_reference.mp4,single/0150_walk_texture_compression_moderate.mp4,reference,moderate
821,0150,walk,reference_vs_distorted,texture_compression,single/0150_walk_reference.mp4,single/0150_walk_texture_compression_severe.mp4,reference,severe
822,0150,walk,reference_vs_distorted,motion_blur,single/0150_walk_motion_blur_mild.mp4,single/0150_walk_reference.mp4,mild,reference
823,0150,walk,reference_vs_distorted,motion_blur,single/0150_walk_reference.mp4,single/0150_walk_motion_blur_moderate.mp4,reference,moderate
824,0150,walk,reference_vs_distorted,motion_blur,single/0150_walk_reference.mp4,single/0150_walk_motion_blur_severe.mp4,reference,severe
825,0150,walk,adjacent_severity,jitter,single/0150_walk_jitter_mild.mp4,single/0150_walk_jitter_moderate.mp4,mild,moderate
826,0150,walk,adjacent_severity,jitter,single/0150_walk_jitter_severe.mp4,single/0150_walk_jitter_moderate.mp4,severe,moderate
827,0150,walk,adjacent_severity,joint_noise,single/0150_walk_joint_noise_moderate.mp4,single/0150_walk_joint_noise_mild.mp4,moderate,mild
828,0150,walk,adjacent_severity,joint_noise,single/0150_walk_joint_noise_severe.mp4,single/0150_walk_joint_noise_moderate.mp4,severe,moderate
829,0150,walk,adjacent_severity,frame_drop,single/0150_walk_frame_drop_moderate.mp4,single/0150_walk_frame_drop_mild.mp4,moderate,mild
830,0150,walk,adjacent_severity,frame_drop,single/0150_walk_frame_drop_severe.mp4,single/0150_walk_frame_drop_moderate.mp4,severe,moderate
831,0150,walk,adjacent_severity,smoothing,single/0150_walk_smoothing_mild.mp4,single/0150_walk_smoothing_moderate.mp4,mild,moderate
832,0150,walk,adjacent_severity,smoothing,single/0150_walk_smoothing_severe.mp4,single/0150_walk_smoothing_moderate.mp4,severe,moderate
833,0150,walk,adjacent_severity,param_quantization,single/0150_walk_param_quantization_mild.mp4,single/0150_walk_param_quantization_moderate.mp4,mild,moderate
834,0150,walk,adjacent_severity,param_quantization,single/0150_walk_param_quantization_severe.mp4,single/0150_walk_param_quantization_moderate.mp4,severe,moderate
835,0150,walk,adjacent_severity,vertex_quantization,single/0150_walk_vertex_quantization_mild.mp4,single/0150_walk_vertex_quantization_moderate.mp4,mild,moderate
836,0150,walk,adjacent_severity,vertex_quantization,single/0150_walk_vertex_quantization_severe.mp4,single/0150_walk_vertex_quantization_moderate.mp4,severe,moderate
837,0150,walk,adjacent_severity,mesh_decimation,single/0150_walk_mesh_decimation_mild.mp4,single/0150_walk_mesh_decimation_moderate.mp4,mild,moderate
838,0150,walk,adjacent_severity,mesh_decimation,single/0150_walk_mesh_decimation_moderate.mp4,single/0150_walk_mesh_decimation_severe.mp4,moderate,severe
839,0150,walk,adjacent_severity,texture_compression,single/0150_walk_texture_compression_mild.mp4,single/0150_walk_texture_compression_moderate.mp4,mild,moderate
840,0150,walk,adjacent_severity,texture_compression,single/0150_walk_texture_compression_moderate.mp4,single/0150_walk_texture_compression_severe.mp4,moderate,severe
841,0150,walk,adjacent_severity,motion_blur,single/0150_walk_motion_blur_moderate.mp4,single/0150_walk_motion_blur_mild.mp4,moderate,mild
842,0150,walk,adjacent_severity,motion_blur,single/0150_walk_motion_blur_severe.mp4,single/0150_walk_motion_blur_moderate.mp4,severe,moderate
843,0150,walk,reference_vs_mixed,jitter+texture_compression,single/0150_walk_reference.mp4,mixed/0150_walk_jitter+texture_compression_mild+mild.mp4,reference,mild+mild
844,0150,walk,reference_vs_mixed,jitter+texture_compression,single/0150_walk_reference.mp4,mixed/0150_walk_jitter+texture_compression_severe+severe.mp4,reference,severe+severe
845,0150,walk,reference_vs_mixed,frame_drop+mesh_decimation,mixed/0150_walk_frame_drop+mesh_decimation_mild+mild.mp4,single/0150_walk_reference.mp4,mild+mild,reference
846,0150,walk,reference_vs_mixed,frame_drop+mesh_decimation,mixed/0150_walk_frame_drop+mesh_decimation_severe+severe.mp4,single/0150_walk_reference.mp4,severe+severe,reference
847,0150,walk,reference_vs_mixed,joint_noise+vertex_quantization,single/0150_walk_reference.mp4,mixed/0150_walk_joint_noise+vertex_quantization_mild+mild.mp4,reference,mild+mild
848,0150,walk,reference_vs_mixed,joint_noise+vertex_quantization,mixed/0150_walk_joint_noise+vertex_quantization_severe+severe.mp4,single/0150_walk_reference.mp4,severe+severe,reference
849,0150,walk,reference_vs_mixed,smoothing+texture_compression,mixed/0150_walk_smoothing+texture_compression_mild+mild.mp4,single/0150_walk_reference.mp4,mild+mild,reference
850,0150,walk,reference_vs_mixed,smoothing+texture_compression,mixed/0150_walk_smoothing+texture_compression_severe+severe.mp4,single/0150_walk_reference.mp4,severe+severe,reference
851,0150,walk,reference_vs_mixed,param_quantization+mesh_decimation,single/0150_walk_reference.mp4,mixed/0150_walk_param_quantization+mesh_decimation_mild+mild.mp4,reference,mild+mild
852,0150,walk,reference_vs_mixed,param_quantization+mesh_decimation,single/0150_walk_reference.mp4,mixed/0150_walk_param_quantization+mesh_decimation_severe+severe.mp4,reference,severe+severe
853,0150,walk,reference_vs_mixed,motion_blur+vertex_quantization,mixed/0150_walk_motion_blur+vertex_quantization_mild+mild.mp4,single/0150_walk_reference.mp4,mild+mild,reference
854,0150,walk,reference_vs_mixed,motion_blur+vertex_quantization,mixed/0150_walk_motion_blur+vertex_quantization_severe+severe.mp4,single/0150_walk_reference.mp4,severe+severe,reference
855,0250,bmlmovi_walk,reference_vs_distorted,jitter,single/0250_bmlmovi_walk_jitter_mild.mp4,single/0250_bmlmovi_walk_reference.mp4,mild,reference
856,0250,bmlmovi_walk,reference_vs_distorted,jitter,single/0250_bmlmovi_walk_reference.mp4,single/0250_bmlmovi_walk_jitter_moderate.mp4,reference,moderate
857,0250,bmlmovi_walk,reference_vs_distorted,jitter,single/0250_bmlmovi_walk_reference.mp4,single/0250_bmlmovi_walk_jitter_severe.mp4,reference,severe
858,0250,bmlmovi_walk,reference_vs_distorted,joint_noise,single/0250_bmlmovi_walk_reference.mp4,single/0250_bmlmovi_walk_joint_noise_mild.mp4,reference,mild
859,0250,bmlmovi_walk,reference_vs_distorted,joint_noise,single/0250_bmlmovi_walk_reference.mp4,single/0250_bmlmovi_walk_joint_noise_moderate.mp4,reference,moderate
860,0250,bmlmovi_walk,reference_vs_distorted,joint_noise,single/0250_bmlmovi_walk_joint_noise_severe.mp4,single/0250_bmlmovi_walk_reference.mp4,severe,reference
861,0250,bmlmovi_walk,reference_vs_distorted,frame_drop,single/0250_bmlmovi_walk_frame_drop_mild.mp4,single/0250_bmlmovi_walk_reference.mp4,mild,reference
862,0250,bmlmovi_walk,reference_vs_distorted,frame_drop,single/0250_bmlmovi_walk_frame_drop_moderate.mp4,single/0250_bmlmovi_walk_reference.mp4,moderate,reference
863,0250,bmlmovi_walk,reference_vs_distorted,frame_drop,single/0250_bmlmovi_walk_reference.mp4,single/0250_bmlmovi_walk_frame_drop_severe.mp4,reference,severe
864,0250,bmlmovi_walk,reference_vs_distorted,smoothing,single/0250_bmlmovi_walk_smoothing_mild.mp4,single/0250_bmlmovi_walk_reference.mp4,mild,reference
865,0250,bmlmovi_walk,reference_vs_distorted,smoothing,single/0250_bmlmovi_walk_reference.mp4,single/0250_bmlmovi_walk_smoothing_moderate.mp4,reference,moderate
866,0250,bmlmovi_walk,reference_vs_distorted,smoothing,single/0250_bmlmovi_walk_reference.mp4,single/0250_bmlmovi_walk_smoothing_severe.mp4,reference,severe
867,0250,bmlmovi_walk,reference_vs_distorted,param_quantization,single/0250_bmlmovi_walk_param_quantization_mild.mp4,single/0250_bmlmovi_walk_reference.mp4,mild,reference
868,0250,bmlmovi_walk,reference_vs_distorted,param_quantization,single/0250_bmlmovi_walk_param_quantization_moderate.mp4,single/0250_bmlmovi_walk_reference.mp4,moderate,reference
869,0250,bmlmovi_walk,reference_vs_distorted,param_quantization,single/0250_bmlmovi_walk_reference.mp4,single/0250_bmlmovi_walk_param_quantization_severe.mp4,reference,severe
870,0250,bmlmovi_walk,reference_vs_distorted,vertex_quantization,single/0250_bmlmovi_walk_vertex_quantization_mild.mp4,single/0250_bmlmovi_walk_reference.mp4,mild,reference
871,0250,bmlmovi_walk,reference_vs_distorted,vertex_quantization,single/0250_bmlmovi_walk_vertex_quantization_moderate.mp4,single/0250_bmlmovi_walk_reference.mp4,moderate,reference
872,0250,bmlmovi_walk,reference_vs_distorted,vertex_quantization,single/0250_bmlmovi_walk_reference.mp4,single/0250_bmlmovi_walk_vertex_quantization_severe.mp4,reference,severe
873,0250,bmlmovi_walk,reference_vs_distorted,mesh_decimation,single/0250_bmlmovi_walk_reference.mp4,single/0250_bmlmovi_walk_mesh_decimation_mild.mp4,reference,mild
874,0250,bmlmovi_walk,reference_vs_distorted,mesh_decimation,single/0250_bmlmovi_walk_reference.mp4,single/0250_bmlmovi_walk_mesh_decimation_moderate.mp4,reference,moderate
875,0250,bmlmovi_walk,reference_vs_distorted,mesh_decimation,single/0250_bmlmovi_walk_reference.mp4,single/0250_bmlmovi_walk_mesh_decimation_severe.mp4,reference,severe
876,0250,bmlmovi_walk,reference_vs_distorted,texture_compression,single/0250_bmlmovi_walk_reference.mp4,single/0250_bmlmovi_walk_texture_compression_mild.mp4,reference,mild
877,0250,bmlmovi_walk,reference_vs_distorted,texture_compression,single/0250_bmlmovi_walk_texture_compression_moderate.mp4,single/0250_bmlmovi_walk_reference.mp4,moderate,reference
878,0250,bmlmovi_walk,reference_vs_distorted,texture_compression,single/0250_bmlmovi_walk_texture_compression_severe.mp4,single/0250_bmlmovi_walk_reference.mp4,severe,reference
879,0250,bmlmovi_walk,reference_vs_distorted,motion_blur,single/0250_bmlmovi_walk_reference.mp4,single/0250_bmlmovi_walk_motion_blur_mild.mp4,reference,mild
880,0250,bmlmovi_walk,reference_vs_distorted,motion_blur,single/0250_bmlmovi_walk_reference.mp4,single/0250_bmlmovi_walk_motion_blur_moderate.mp4,reference,moderate
881,0250,bmlmovi_walk,reference_vs_distorted,motion_blur,single/0250_bmlmovi_walk_reference.mp4,single/0250_bmlmovi_walk_motion_blur_severe.mp4,reference,severe
882,0250,bmlmovi_walk,adjacent_severity,jitter,single/0250_bmlmovi_walk_jitter_moderate.mp4,single/0250_bmlmovi_walk_jitter_mild.mp4,moderate,mild
883,0250,bmlmovi_walk,adjacent_severity,jitter,single/0250_bmlmovi_walk_jitter_moderate.mp4,single/0250_bmlmovi_walk_jitter_severe.mp4,moderate,severe
884,0250,bmlmovi_walk,adjacent_severity,joint_noise,single/0250_bmlmovi_walk_joint_noise_mild.mp4,single/0250_bmlmovi_walk_joint_noise_moderate.mp4,mild,moderate
885,0250,bmlmovi_walk,adjacent_severity,joint_noise,single/0250_bmlmovi_walk_joint_noise_moderate.mp4,single/0250_bmlmovi_walk_joint_noise_severe.mp4,moderate,severe
886,0250,bmlmovi_walk,adjacent_severity,frame_drop,single/0250_bmlmovi_walk_frame_drop_moderate.mp4,single/0250_bmlmovi_walk_frame_drop_mild.mp4,moderate,mild
887,0250,bmlmovi_walk,adjacent_severity,frame_drop,single/0250_bmlmovi_walk_frame_drop_severe.mp4,single/0250_bmlmovi_walk_frame_drop_moderate.mp4,severe,moderate
888,0250,bmlmovi_walk,adjacent_severity,smoothing,single/0250_bmlmovi_walk_smoothing_mild.mp4,single/0250_bmlmovi_walk_smoothing_moderate.mp4,mild,moderate
889,0250,bmlmovi_walk,adjacent_severity,smoothing,single/0250_bmlmovi_walk_smoothing_moderate.mp4,single/0250_bmlmovi_walk_smoothing_severe.mp4,moderate,severe
890,0250,bmlmovi_walk,adjacent_severity,param_quantization,single/0250_bmlmovi_walk_param_quantization_mild.mp4,single/0250_bmlmovi_walk_param_quantization_moderate.mp4,mild,moderate
891,0250,bmlmovi_walk,adjacent_severity,param_quantization,single/0250_bmlmovi_walk_param_quantization_severe.mp4,single/0250_bmlmovi_walk_param_quantization_moderate.mp4,severe,moderate
892,0250,bmlmovi_walk,adjacent_severity,vertex_quantization,single/0250_bmlmovi_walk_vertex_quantization_moderate.mp4,single/0250_bmlmovi_walk_vertex_quantization_mild.mp4,moderate,mild
893,0250,bmlmovi_walk,adjacent_severity,vertex_quantization,single/0250_bmlmovi_walk_vertex_quantization_moderate.mp4,single/0250_bmlmovi_walk_vertex_quantization_severe.mp4,moderate,severe
894,0250,bmlmovi_walk,adjacent_severity,mesh_decimation,single/0250_bmlmovi_walk_mesh_decimation_mild.mp4,single/0250_bmlmovi_walk_mesh_decimation_moderate.mp4,mild,moderate
895,0250,bmlmovi_walk,adjacent_severity,mesh_decimation,single/0250_bmlmovi_walk_mesh_decimation_severe.mp4,single/0250_bmlmovi_walk_mesh_decimation_moderate.mp4,severe,moderate
896,0250,bmlmovi_walk,adjacent_severity,texture_compression,single/0250_bmlmovi_walk_texture_compression_mild.mp4,single/0250_bmlmovi_walk_texture_compression_moderate.mp4,mild,moderate
897,0250,bmlmovi_walk,adjacent_severity,texture_compression,single/0250_bmlmovi_walk_texture_compression_moderate.mp4,single/0250_bmlmovi_walk_texture_compression_severe.mp4,moderate,severe
898,0250,bmlmovi_walk,adjacent_severity,motion_blur,single/0250_bmlmovi_walk_motion_blur_mild.mp4,single/0250_bmlmovi_walk_motion_blur_moderate.mp4,mild,moderate
899,0250,bmlmovi_walk,adjacent_severity,motion_blur,single/0250_bmlmovi_walk_motion_blur_severe.mp4,single/0250_bmlmovi_walk_motion_blur_moderate.mp4,severe,moderate
900,0250,bmlmovi_walk,reference_vs_mixed,jitter+texture_compression,single/0250_bmlmovi_walk_reference.mp4,mixed/0250_bmlmovi_walk_jitter+texture_compression_mild+mild.mp4,reference,mild+mild
901,0250,bmlmovi_walk,reference_vs_mixed,jitter+texture_compression,mixed/0250_bmlmovi_walk_jitter+texture_compression_severe+severe.mp4,single/0250_bmlmovi_walk_reference.mp4,severe+severe,reference
902,0250,bmlmovi_walk,reference_vs_mixed,frame_drop+mesh_decimation,single/0250_bmlmovi_walk_reference.mp4,mixed/0250_bmlmovi_walk_frame_drop+mesh_decimation_mild+mild.mp4,reference,mild+mild
903,0250,bmlmovi_walk,reference_vs_mixed,frame_drop+mesh_decimation,single/0250_bmlmovi_walk_reference.mp4,mixed/0250_bmlmovi_walk_frame_drop+mesh_decimation_severe+severe.mp4,reference,severe+severe
904,0250,bmlmovi_walk,reference_vs_mixed,joint_noise+vertex_quantization,mixed/0250_bmlmovi_walk_joint_noise+vertex_quantization_mild+mild.mp4,single/0250_bmlmovi_walk_reference.mp4,mild+mild,reference
905,0250,bmlmovi_walk,reference_vs_mixed,joint_noise+vertex_quantization,mixed/0250_bmlmovi_walk_joint_noise+vertex_quantization_severe+severe.mp4,single/0250_bmlmovi_walk_reference.mp4,severe+severe,reference
906,0250,bmlmovi_walk,reference_vs_mixed,smoothing+texture_compression,single/0250_bmlmovi_walk_reference.mp4,mixed/0250_bmlmovi_walk_smoothing+texture_compression_mild+mild.mp4,reference,mild+mild
907,0250,bmlmovi_walk,reference_vs_mixed,smoothing+texture_compression,single/0250_bmlmovi_walk_reference.mp4,mixed/0250_bmlmovi_walk_smoothing+texture_compression_severe+severe.mp4,reference,severe+severe
908,0250,bmlmovi_walk,reference_vs_mixed,param_quantization+mesh_decimation,mixed/0250_bmlmovi_walk_param_quantization+mesh_decimation_mild+mild.mp4,single/0250_bmlmovi_walk_reference.mp4,mild+mild,reference
909,0250,bmlmovi_walk,reference_vs_mixed,param_quantization+mesh_decimation,single/0250_bmlmovi_walk_reference.mp4,mixed/0250_bmlmovi_walk_param_quantization+mesh_decimation_severe+severe.mp4,reference,severe+severe
910,0250,bmlmovi_walk,reference_vs_mixed,motion_blur+vertex_quantization,single/0250_bmlmovi_walk_reference.mp4,mixed/0250_bmlmovi_walk_motion_blur+vertex_quantization_mild+mild.mp4,reference,mild+mild
911,0250,bmlmovi_walk,reference_vs_mixed,motion_blur+vertex_quantization,mixed/0250_bmlmovi_walk_motion_blur+vertex_quantization_severe+severe.mp4,single/0250_bmlmovi_walk_reference.mp4,severe+severe,reference
912,0250,front_kick,reference_vs_distorted,jitter,single/0250_front_kick_reference.mp4,single/0250_front_kick_jitter_mild.mp4,reference,mild
913,0250,front_kick,reference_vs_distorted,jitter,single/0250_front_kick_jitter_moderate.mp4,single/0250_front_kick_reference.mp4,moderate,reference
914,0250,front_kick,reference_vs_distorted,jitter,single/0250_front_kick_reference.mp4,single/0250_front_kick_jitter_severe.mp4,reference,severe
915,0250,front_kick,reference_vs_distorted,joint_noise,single/0250_front_kick_joint_noise_mild.mp4,single/0250_front_kick_reference.mp4,mild,reference
916,0250,front_kick,reference_vs_distorted,joint_noise,single/0250_front_kick_reference.mp4,single/0250_front_kick_joint_noise_moderate.mp4,reference,moderate
917,0250,front_kick,reference_vs_distorted,joint_noise,single/0250_front_kick_reference.mp4,single/0250_front_kick_joint_noise_severe.mp4,reference,severe
918,0250,front_kick,reference_vs_distorted,frame_drop,single/0250_front_kick_reference.mp4,single/0250_front_kick_frame_drop_mild.mp4,reference,mild
919,0250,front_kick,reference_vs_distorted,frame_drop,single/0250_front_kick_frame_drop_moderate.mp4,single/0250_front_kick_reference.mp4,moderate,reference
920,0250,front_kick,reference_vs_distorted,frame_drop,single/0250_front_kick_frame_drop_severe.mp4,single/0250_front_kick_reference.mp4,severe,reference
921,0250,front_kick,reference_vs_distorted,smoothing,single/0250_front_kick_smoothing_mild.mp4,single/0250_front_kick_reference.mp4,mild,reference
922,0250,front_kick,reference_vs_distorted,smoothing,single/0250_front_kick_reference.mp4,single/0250_front_kick_smoothing_moderate.mp4,reference,moderate
923,0250,front_kick,reference_vs_distorted,smoothing,single/0250_front_kick_smoothing_severe.mp4,single/0250_front_kick_reference.mp4,severe,reference
924,0250,front_kick,reference_vs_distorted,param_quantization,single/0250_front_kick_reference.mp4,single/0250_front_kick_param_quantization_mild.mp4,reference,mild
925,0250,front_kick,reference_vs_distorted,param_quantization,single/0250_front_kick_param_quantization_moderate.mp4,single/0250_front_kick_reference.mp4,moderate,reference
926,0250,front_kick,reference_vs_distorted,param_quantization,single/0250_front_kick_reference.mp4,single/0250_front_kick_param_quantization_severe.mp4,reference,severe
927,0250,front_kick,reference_vs_distorted,vertex_quantization,single/0250_front_kick_reference.mp4,single/0250_front_kick_vertex_quantization_mild.mp4,reference,mild
928,0250,front_kick,reference_vs_distorted,vertex_quantization,single/0250_front_kick_vertex_quantization_moderate.mp4,single/0250_front_kick_reference.mp4,moderate,reference
929,0250,front_kick,reference_vs_distorted,vertex_quantization,single/0250_front_kick_vertex_quantization_severe.mp4,single/0250_front_kick_reference.mp4,severe,reference
930,0250,front_kick,reference_vs_distorted,mesh_decimation,single/0250_front_kick_reference.mp4,single/0250_front_kick_mesh_decimation_mild.mp4,reference,mild
931,0250,front_kick,reference_vs_distorted,mesh_decimation,single/0250_front_kick_reference.mp4,single/0250_front_kick_mesh_decimation_moderate.mp4,reference,moderate
932,0250,front_kick,reference_vs_distorted,mesh_decimation,single/0250_front_kick_mesh_decimation_severe.mp4,single/0250_front_kick_reference.mp4,severe,reference
933,0250,front_kick,reference_vs_distorted,texture_compression,single/0250_front_kick_texture_compression_mild.mp4,single/0250_front_kick_reference.mp4,mild,reference
934,0250,front_kick,reference_vs_distorted,texture_compression,single/0250_front_kick_reference.mp4,single/0250_front_kick_texture_compression_moderate.mp4,reference,moderate
935,0250,front_kick,reference_vs_distorted,texture_compression,single/0250_front_kick_reference.mp4,single/0250_front_kick_texture_compression_severe.mp4,reference,severe
936,0250,front_kick,reference_vs_distorted,motion_blur,single/0250_front_kick_motion_blur_mild.mp4,single/0250_front_kick_reference.mp4,mild,reference
937,0250,front_kick,reference_vs_distorted,motion_blur,single/0250_front_kick_motion_blur_moderate.mp4,single/0250_front_kick_reference.mp4,moderate,reference
938,0250,front_kick,reference_vs_distorted,motion_blur,single/0250_front_kick_reference.mp4,single/0250_front_kick_motion_blur_severe.mp4,reference,severe
939,0250,front_kick,adjacent_severity,jitter,single/0250_front_kick_jitter_mild.mp4,single/0250_front_kick_jitter_moderate.mp4,mild,moderate
940,0250,front_kick,adjacent_severity,jitter,single/0250_front_kick_jitter_severe.mp4,single/0250_front_kick_jitter_moderate.mp4,severe,moderate
941,0250,front_kick,adjacent_severity,joint_noise,single/0250_front_kick_joint_noise_mild.mp4,single/0250_front_kick_joint_noise_moderate.mp4,mild,moderate
942,0250,front_kick,adjacent_severity,joint_noise,single/0250_front_kick_joint_noise_severe.mp4,single/0250_front_kick_joint_noise_moderate.mp4,severe,moderate
943,0250,front_kick,adjacent_severity,frame_drop,single/0250_front_kick_frame_drop_moderate.mp4,single/0250_front_kick_frame_drop_mild.mp4,moderate,mild
944,0250,front_kick,adjacent_severity,frame_drop,single/0250_front_kick_frame_drop_severe.mp4,single/0250_front_kick_frame_drop_moderate.mp4,severe,moderate
945,0250,front_kick,adjacent_severity,smoothing,single/0250_front_kick_smoothing_mild.mp4,single/0250_front_kick_smoothing_moderate.mp4,mild,moderate
946,0250,front_kick,adjacent_severity,smoothing,single/0250_front_kick_smoothing_severe.mp4,single/0250_front_kick_smoothing_moderate.mp4,severe,moderate
947,0250,front_kick,adjacent_severity,param_quantization,single/0250_front_kick_param_quantization_mild.mp4,single/0250_front_kick_param_quantization_moderate.mp4,mild,moderate
948,0250,front_kick,adjacent_severity,param_quantization,single/0250_front_kick_param_quantization_moderate.mp4,single/0250_front_kick_param_quantization_severe.mp4,moderate,severe
949,0250,front_kick,adjacent_severity,vertex_quantization,single/0250_front_kick_vertex_quantization_moderate.mp4,single/0250_front_kick_vertex_quantization_mild.mp4,moderate,mild
950,0250,front_kick,adjacent_severity,vertex_quantization,single/0250_front_kick_vertex_quantization_severe.mp4,single/0250_front_kick_vertex_quantization_moderate.mp4,severe,moderate
951,0250,front_kick,adjacent_severity,mesh_decimation,single/0250_front_kick_mesh_decimation_mild.mp4,single/0250_front_kick_mesh_decimation_moderate.mp4,mild,moderate
952,0250,front_kick,adjacent_severity,mesh_decimation,single/0250_front_kick_mesh_decimation_moderate.mp4,single/0250_front_kick_mesh_decimation_severe.mp4,moderate,severe
953,0250,front_kick,adjacent_severity,texture_compression,single/0250_front_kick_texture_compression_mild.mp4,single/0250_front_kick_texture_compression_moderate.mp4,mild,moderate
954,0250,front_kick,adjacent_severity,texture_compression,single/0250_front_kick_texture_compression_severe.mp4,single/0250_front_kick_texture_compression_moderate.mp4,severe,moderate
955,0250,front_kick,adjacent_severity,motion_blur,single/0250_front_kick_motion_blur_mild.mp4,single/0250_front_kick_motion_blur_moderate.mp4,mild,moderate
956,0250,front_kick,adjacent_severity,motion_blur,single/0250_front_kick_motion_blur_moderate.mp4,single/0250_front_kick_motion_blur_severe.mp4,moderate,severe
957,0250,front_kick,reference_vs_mixed,jitter+texture_compression,single/0250_front_kick_reference.mp4,mixed/0250_front_kick_jitter+texture_compression_mild+mild.mp4,reference,mild+mild
958,0250,front_kick,reference_vs_mixed,jitter+texture_compression,mixed/0250_front_kick_jitter+texture_compression_severe+severe.mp4,single/0250_front_kick_reference.mp4,severe+severe,reference
959,0250,front_kick,reference_vs_mixed,frame_drop+mesh_decimation,mixed/0250_front_kick_frame_drop+mesh_decimation_mild+mild.mp4,single/0250_front_kick_reference.mp4,mild+mild,reference
960,0250,front_kick,reference_vs_mixed,frame_drop+mesh_decimation,single/0250_front_kick_reference.mp4,mixed/0250_front_kick_frame_drop+mesh_decimation_severe+severe.mp4,reference,severe+severe
961,0250,front_kick,reference_vs_mixed,joint_noise+vertex_quantization,mixed/0250_front_kick_joint_noise+vertex_quantization_mild+mild.mp4,single/0250_front_kick_reference.mp4,mild+mild,reference
962,0250,front_kick,reference_vs_mixed,joint_noise+vertex_quantization,mixed/0250_front_kick_joint_noise+vertex_quantization_severe+severe.mp4,single/0250_front_kick_reference.mp4,severe+severe,reference
963,0250,front_kick,reference_vs_mixed,smoothing+texture_compression,single/0250_front_kick_reference.mp4,mixed/0250_front_kick_smoothing+texture_compression_mild+mild.mp4,reference,mild+mild
964,0250,front_kick,reference_vs_mixed,smoothing+texture_compression,mixed/0250_front_kick_smoothing+texture_compression_severe+severe.mp4,single/0250_front_kick_reference.mp4,severe+severe,reference
965,0250,front_kick,reference_vs_mixed,param_quantization+mesh_decimation,single/0250_front_kick_reference.mp4,mixed/0250_front_kick_param_quantization+mesh_decimation_mild+mild.mp4,reference,mild+mild
966,0250,front_kick,reference_vs_mixed,param_quantization+mesh_decimation,mixed/0250_front_kick_param_quantization+mesh_decimation_severe+severe.mp4,single/0250_front_kick_reference.mp4,severe+severe,reference
967,0250,front_kick,reference_vs_mixed,motion_blur+vertex_quantization,mixed/0250_front_kick_motion_blur+vertex_quantization_mild+mild.mp4,single/0250_front_kick_reference.mp4,mild+mild,reference
968,0250,front_kick,reference_vs_mixed,motion_blur+vertex_quantization,mixed/0250_front_kick_motion_blur+vertex_quantization_severe+severe.mp4,single/0250_front_kick_reference.mp4,severe+severe,reference
969,0250,pickup_box,reference_vs_distorted,jitter,single/0250_pickup_box_reference.mp4,single/0250_pickup_box_jitter_mild.mp4,reference,mild
970,0250,pickup_box,reference_vs_distorted,jitter,single/0250_pickup_box_reference.mp4,single/0250_pickup_box_jitter_moderate.mp4,reference,moderate
971,0250,pickup_box,reference_vs_distorted,jitter,single/0250_pickup_box_jitter_severe.mp4,single/0250_pickup_box_reference.mp4,severe,reference
972,0250,pickup_box,reference_vs_distorted,joint_noise,single/0250_pickup_box_reference.mp4,single/0250_pickup_box_joint_noise_mild.mp4,reference,mild
973,0250,pickup_box,reference_vs_distorted,joint_noise,single/0250_pickup_box_joint_noise_moderate.mp4,single/0250_pickup_box_reference.mp4,moderate,reference
974,0250,pickup_box,reference_vs_distorted,joint_noise,single/0250_pickup_box_reference.mp4,single/0250_pickup_box_joint_noise_severe.mp4,reference,severe
975,0250,pickup_box,reference_vs_distorted,frame_drop,single/0250_pickup_box_reference.mp4,single/0250_pickup_box_frame_drop_mild.mp4,reference,mild
976,0250,pickup_box,reference_vs_distorted,frame_drop,single/0250_pickup_box_reference.mp4,single/0250_pickup_box_frame_drop_moderate.mp4,reference,moderate
977,0250,pickup_box,reference_vs_distorted,frame_drop,single/0250_pickup_box_frame_drop_severe.mp4,single/0250_pickup_box_reference.mp4,severe,reference
978,0250,pickup_box,reference_vs_distorted,smoothing,single/0250_pickup_box_reference.mp4,single/0250_pickup_box_smoothing_mild.mp4,reference,mild
979,0250,pickup_box,reference_vs_distorted,smoothing,single/0250_pickup_box_reference.mp4,single/0250_pickup_box_smoothing_moderate.mp4,reference,moderate
980,0250,pickup_box,reference_vs_distorted,smoothing,single/0250_pickup_box_smoothing_severe.mp4,single/0250_pickup_box_reference.mp4,severe,reference
981,0250,pickup_box,reference_vs_distorted,param_quantization,single/0250_pickup_box_param_quantization_mild.mp4,single/0250_pickup_box_reference.mp4,mild,reference
982,0250,pickup_box,reference_vs_distorted,param_quantization,single/0250_pickup_box_reference.mp4,single/0250_pickup_box_param_quantization_moderate.mp4,reference,moderate
983,0250,pickup_box,reference_vs_distorted,param_quantization,single/0250_pickup_box_reference.mp4,single/0250_pickup_box_param_quantization_severe.mp4,reference,severe
984,0250,pickup_box,reference_vs_distorted,vertex_quantization,single/0250_pickup_box_reference.mp4,single/0250_pickup_box_vertex_quantization_mild.mp4,reference,mild
985,0250,pickup_box,reference_vs_distorted,vertex_quantization,single/0250_pickup_box_reference.mp4,single/0250_pickup_box_vertex_quantization_moderate.mp4,reference,moderate
986,0250,pickup_box,reference_vs_distorted,vertex_quantization,single/0250_pickup_box_reference.mp4,single/0250_pickup_box_vertex_quantization_severe.mp4,reference,severe
987,0250,pickup_box,reference_vs_distorted,mesh_decimation,single/0250_pickup_box_reference.mp4,single/0250_pickup_box_mesh_decimation_mild.mp4,reference,mild
988,0250,pickup_box,reference_vs_distorted,mesh_decimation,single/0250_pickup_box_reference.mp4,single/0250_pickup_box_mesh_decimation_moderate.mp4,reference,moderate
989,0250,pickup_box,reference_vs_distorted,mesh_decimation,single/0250_pickup_box_reference.mp4,single/0250_pickup_box_mesh_decimation_severe.mp4,reference,severe
990,0250,pickup_box,reference_vs_distorted,texture_compression,single/0250_pickup_box_texture_compression_mild.mp4,single/0250_pickup_box_reference.mp4,mild,reference
991,0250,pickup_box,reference_vs_distorted,texture_compression,single/0250_pickup_box_reference.mp4,single/0250_pickup_box_texture_compression_moderate.mp4,reference,moderate
992,0250,pickup_box,reference_vs_distorted,texture_compression,single/0250_pickup_box_texture_compression_severe.mp4,single/0250_pickup_box_reference.mp4,severe,reference
993,0250,pickup_box,reference_vs_distorted,motion_blur,single/0250_pickup_box_reference.mp4,single/0250_pickup_box_motion_blur_mild.mp4,reference,mild
994,0250,pickup_box,reference_vs_distorted,motion_blur,single/0250_pickup_box_motion_blur_moderate.mp4,single/0250_pickup_box_reference.mp4,moderate,reference
995,0250,pickup_box,reference_vs_distorted,motion_blur,single/0250_pickup_box_motion_blur_severe.mp4,single/0250_pickup_box_reference.mp4,severe,reference
996,0250,pickup_box,adjacent_severity,jitter,single/0250_pickup_box_jitter_moderate.mp4,single/0250_pickup_box_jitter_mild.mp4,moderate,mild
997,0250,pickup_box,adjacent_severity,jitter,single/0250_pickup_box_jitter_moderate.mp4,single/0250_pickup_box_jitter_severe.mp4,moderate,severe
998,0250,pickup_box,adjacent_severity,joint_noise,single/0250_pickup_box_joint_noise_moderate.mp4,single/0250_pickup_box_joint_noise_mild.mp4,moderate,mild
999,0250,pickup_box,adjacent_severity,joint_noise,single/0250_pickup_box_joint_noise_moderate.mp4,single/0250_pickup_box_joint_noise_severe.mp4,moderate,severe
1000,0250,pickup_box,adjacent_severity,frame_drop,single/0250_pickup_box_frame_drop_moderate.mp4,single/0250_pickup_box_frame_drop_mild.mp4,moderate,mild
1001,0250,pickup_box,adjacent_severity,frame_drop,single/0250_pickup_box_frame_drop_moderate.mp4,single/0250_pickup_box_frame_drop_severe.mp4,moderate,severe
1002,0250,pickup_box,adjacent_severity,smoothing,single/0250_pickup_box_smoothing_moderate.mp4,single/0250_pickup_box_smoothing_mild.mp4,moderate,mild
1003,0250,pickup_box,adjacent_severity,smoothing,single/0250_pickup_box_smoothing_severe.mp4,single/0250_pickup_box_smoothing_moderate.mp4,severe,moderate
1004,0250,pickup_box,adjacent_severity,param_quantization,single/0250_pickup_box_param_quantization_moderate.mp4,single/0250_pickup_box_param_quantization_mild.mp4,moderate,mild
1005,0250,pickup_box,adjacent_severity,param_quantization,single/0250_pickup_box_param_quantization_severe.mp4,single/0250_pickup_box_param_quantization_moderate.mp4,severe,moderate
1006,0250,pickup_box,adjacent_severity,vertex_quantization,single/0250_pickup_box_vertex_quantization_mild.mp4,single/0250_pickup_box_vertex_quantization_moderate.mp4,mild,moderate
1007,0250,pickup_box,adjacent_severity,vertex_quantization,single/0250_pickup_box_vertex_quantization_severe.mp4,single/0250_pickup_box_vertex_quantization_moderate.mp4,severe,moderate
1008,0250,pickup_box,adjacent_severity,mesh_decimation,single/0250_pickup_box_mesh_decimation_mild.mp4,single/0250_pickup_box_mesh_decimation_moderate.mp4,mild,moderate
1009,0250,pickup_box,adjacent_severity,mesh_decimation,single/0250_pickup_box_mesh_decimation_severe.mp4,single/0250_pickup_box_mesh_decimation_moderate.mp4,severe,moderate
1010,0250,pickup_box,adjacent_severity,texture_compression,single/0250_pickup_box_texture_compression_moderate.mp4,single/0250_pickup_box_texture_compression_mild.mp4,moderate,mild
1011,0250,pickup_box,adjacent_severity,texture_compression,single/0250_pickup_box_texture_compression_moderate.mp4,single/0250_pickup_box_texture_compression_severe.mp4,moderate,severe
1012,0250,pickup_box,adjacent_severity,motion_blur,single/0250_pickup_box_motion_blur_moderate.mp4,single/0250_pickup_box_motion_blur_mild.mp4,moderate,mild
1013,0250,pickup_box,adjacent_severity,motion_blur,single/0250_pickup_box_motion_blur_severe.mp4,single/0250_pickup_box_motion_blur_moderate.mp4,severe,moderate
1014,0250,pickup_box,reference_vs_mixed,jitter+texture_compression,single/0250_pickup_box_reference.mp4,mixed/0250_pickup_box_jitter+texture_compression_mild+mild.mp4,reference,mild+mild
1015,0250,pickup_box,reference_vs_mixed,jitter+texture_compression,single/0250_pickup_box_reference.mp4,mixed/0250_pickup_box_jitter+texture_compression_severe+severe.mp4,reference,severe+severe
1016,0250,pickup_box,reference_vs_mixed,frame_drop+mesh_decimation,mixed/0250_pickup_box_frame_drop+mesh_decimation_mild+mild.mp4,single/0250_pickup_box_reference.mp4,mild+mild,reference
1017,0250,pickup_box,reference_vs_mixed,frame_drop+mesh_decimation,single/0250_pickup_box_reference.mp4,mixed/0250_pickup_box_frame_drop+mesh_decimation_severe+severe.mp4,reference,severe+severe
1018,0250,pickup_box,reference_vs_mixed,joint_noise+vertex_quantization,mixed/0250_pickup_box_joint_noise+vertex_quantization_mild+mild.mp4,single/0250_pickup_box_reference.mp4,mild+mild,reference
1019,0250,pickup_box,reference_vs_mixed,joint_noise+vertex_quantization,single/0250_pickup_box_reference.mp4,mixed/0250_pickup_box_joint_noise+vertex_quantization_severe+severe.mp4,reference,severe+severe
1020,0250,pickup_box,reference_vs_mixed,smoothing+texture_compression,mixed/0250_pickup_box_smoothing+texture_compression_mild+mild.mp4,single/0250_pickup_box_reference.mp4,mild+mild,reference
1021,0250,pickup_box,reference_vs_mixed,smoothing+texture_compression,single/0250_pickup_box_reference.mp4,mixed/0250_pickup_box_smoothing+texture_compression_severe+severe.mp4,reference,severe+severe
1022,0250,pickup_box,reference_vs_mixed,param_quantization+mesh_decimation,mixed/0250_pickup_box_param_quantization+mesh_decimation_mild+mild.mp4,single/0250_pickup_box_reference.mp4,mild+mild,reference
1023,0250,pickup_box,reference_vs_mixed,param_quantization+mesh_decimation,mixed/0250_pickup_box_param_quantization+mesh_decimation_severe+severe.mp4,single/0250_pickup_box_reference.mp4,severe+severe,reference
1024,0250,pickup_box,reference_vs_mixed,motion_blur+vertex_quantization,single/0250_pickup_box_reference.mp4,mixed/0250_pickup_box_motion_blur+vertex_quantization_mild+mild.mp4,reference,mild+mild
1025,0250,pickup_box,reference_vs_mixed,motion_blur+vertex_quantization,single/0250_pickup_box_reference.mp4,mixed/0250_pickup_box_motion_blur+vertex_quantization_severe+severe.mp4,reference,severe+severe
1026,0250,run,reference_vs_distorted,jitter,single/0250_run_jitter_mild.mp4,single/0250_run_reference.mp4,mild,reference
1027,0250,run,reference_vs_distorted,jitter,single/0250_run_reference.mp4,single/0250_run_jitter_moderate.mp4,reference,moderate
1028,0250,run,reference_vs_distorted,jitter,single/0250_run_reference.mp4,single/0250_run_jitter_severe.mp4,reference,severe
1029,0250,run,reference_vs_distorted,joint_noise,single/0250_run_reference.mp4,single/0250_run_joint_noise_mild.mp4,reference,mild
1030,0250,run,reference_vs_distorted,joint_noise,single/0250_run_reference.mp4,single/0250_run_joint_noise_moderate.mp4,reference,moderate
1031,0250,run,reference_vs_distorted,joint_noise,single/0250_run_joint_noise_severe.mp4,single/0250_run_reference.mp4,severe,reference
1032,0250,run,reference_vs_distorted,frame_drop,single/0250_run_frame_drop_mild.mp4,single/0250_run_reference.mp4,mild,reference
1033,0250,run,reference_vs_distorted,frame_drop,single/0250_run_frame_drop_moderate.mp4,single/0250_run_reference.mp4,moderate,reference
1034,0250,run,reference_vs_distorted,frame_drop,single/0250_run_reference.mp4,single/0250_run_frame_drop_severe.mp4,reference,severe
1035,0250,run,reference_vs_distorted,smoothing,single/0250_run_smoothing_mild.mp4,single/0250_run_reference.mp4,mild,reference
1036,0250,run,reference_vs_distorted,smoothing,single/0250_run_reference.mp4,single/0250_run_smoothing_moderate.mp4,reference,moderate
1037,0250,run,reference_vs_distorted,smoothing,single/0250_run_smoothing_severe.mp4,single/0250_run_reference.mp4,severe,reference
1038,0250,run,reference_vs_distorted,param_quantization,single/0250_run_param_quantization_mild.mp4,single/0250_run_reference.mp4,mild,reference
1039,0250,run,reference_vs_distorted,param_quantization,single/0250_run_reference.mp4,single/0250_run_param_quantization_moderate.mp4,reference,moderate
1040,0250,run,reference_vs_distorted,param_quantization,single/0250_run_param_quantization_severe.mp4,single/0250_run_reference.mp4,severe,reference
1041,0250,run,reference_vs_distorted,vertex_quantization,single/0250_run_vertex_quantization_mild.mp4,single/0250_run_reference.mp4,mild,reference
1042,0250,run,reference_vs_distorted,vertex_quantization,single/0250_run_vertex_quantization_moderate.mp4,single/0250_run_reference.mp4,moderate,reference
1043,0250,run,reference_vs_distorted,vertex_quantization,single/0250_run_vertex_quantization_severe.mp4,single/0250_run_reference.mp4,severe,reference
1044,0250,run,reference_vs_distorted,mesh_decimation,single/0250_run_reference.mp4,single/0250_run_mesh_decimation_mild.mp4,reference,mild
1045,0250,run,reference_vs_distorted,mesh_decimation,single/0250_run_mesh_decimation_moderate.mp4,single/0250_run_reference.mp4,moderate,reference
1046,0250,run,reference_vs_distorted,mesh_decimation,single/0250_run_mesh_decimation_severe.mp4,single/0250_run_reference.mp4,severe,reference
1047,0250,run,reference_vs_distorted,texture_compression,single/0250_run_reference.mp4,single/0250_run_texture_compression_mild.mp4,reference,mild
1048,0250,run,reference_vs_distorted,texture_compression,single/0250_run_texture_compression_moderate.mp4,single/0250_run_reference.mp4,moderate,reference
1049,0250,run,reference_vs_distorted,texture_compression,single/0250_run_reference.mp4,single/0250_run_texture_compression_severe.mp4,reference,severe
1050,0250,run,reference_vs_distorted,motion_blur,single/0250_run_motion_blur_mild.mp4,single/0250_run_reference.mp4,mild,reference
1051,0250,run,reference_vs_distorted,motion_blur,single/0250_run_motion_blur_moderate.mp4,single/0250_run_reference.mp4,moderate,reference
1052,0250,run,reference_vs_distorted,motion_blur,single/0250_run_reference.mp4,single/0250_run_motion_blur_severe.mp4,reference,severe
1053,0250,run,adjacent_severity,jitter,single/0250_run_jitter_moderate.mp4,single/0250_run_jitter_mild.mp4,moderate,mild
1054,0250,run,adjacent_severity,jitter,single/0250_run_jitter_moderate.mp4,single/0250_run_jitter_severe.mp4,moderate,severe
1055,0250,run,adjacent_severity,joint_noise,single/0250_run_joint_noise_mild.mp4,single/0250_run_joint_noise_moderate.mp4,mild,moderate
1056,0250,run,adjacent_severity,joint_noise,single/0250_run_joint_noise_severe.mp4,single/0250_run_joint_noise_moderate.mp4,severe,moderate
1057,0250,run,adjacent_severity,frame_drop,single/0250_run_frame_drop_mild.mp4,single/0250_run_frame_drop_moderate.mp4,mild,moderate
1058,0250,run,adjacent_severity,frame_drop,single/0250_run_frame_drop_severe.mp4,single/0250_run_frame_drop_moderate.mp4,severe,moderate
1059,0250,run,adjacent_severity,smoothing,single/0250_run_smoothing_mild.mp4,single/0250_run_smoothing_moderate.mp4,mild,moderate
1060,0250,run,adjacent_severity,smoothing,single/0250_run_smoothing_severe.mp4,single/0250_run_smoothing_moderate.mp4,severe,moderate
1061,0250,run,adjacent_severity,param_quantization,single/0250_run_param_quantization_moderate.mp4,single/0250_run_param_quantization_mild.mp4,moderate,mild
1062,0250,run,adjacent_severity,param_quantization,single/0250_run_param_quantization_severe.mp4,single/0250_run_param_quantization_moderate.mp4,severe,moderate
1063,0250,run,adjacent_severity,vertex_quantization,single/0250_run_vertex_quantization_moderate.mp4,single/0250_run_vertex_quantization_mild.mp4,moderate,mild
1064,0250,run,adjacent_severity,vertex_quantization,single/0250_run_vertex_quantization_moderate.mp4,single/0250_run_vertex_quantization_severe.mp4,moderate,severe
1065,0250,run,adjacent_severity,mesh_decimation,single/0250_run_mesh_decimation_mild.mp4,single/0250_run_mesh_decimation_moderate.mp4,mild,moderate
1066,0250,run,adjacent_severity,mesh_decimation,single/0250_run_mesh_decimation_moderate.mp4,single/0250_run_mesh_decimation_severe.mp4,moderate,severe
1067,0250,run,adjacent_severity,texture_compression,single/0250_run_texture_compression_mild.mp4,single/0250_run_texture_compression_moderate.mp4,mild,moderate
1068,0250,run,adjacent_severity,texture_compression,single/0250_run_texture_compression_severe.mp4,single/0250_run_texture_compression_moderate.mp4,severe,moderate
1069,0250,run,adjacent_severity,motion_blur,single/0250_run_motion_blur_mild.mp4,single/0250_run_motion_blur_moderate.mp4,mild,moderate
1070,0250,run,adjacent_severity,motion_blur,single/0250_run_motion_blur_severe.mp4,single/0250_run_motion_blur_moderate.mp4,severe,moderate
1071,0250,run,reference_vs_mixed,jitter+texture_compression,mixed/0250_run_jitter+texture_compression_mild+mild.mp4,single/0250_run_reference.mp4,mild+mild,reference
1072,0250,run,reference_vs_mixed,jitter+texture_compression,single/0250_run_reference.mp4,mixed/0250_run_jitter+texture_compression_severe+severe.mp4,reference,severe+severe
1073,0250,run,reference_vs_mixed,frame_drop+mesh_decimation,single/0250_run_reference.mp4,mixed/0250_run_frame_drop+mesh_decimation_mild+mild.mp4,reference,mild+mild
1074,0250,run,reference_vs_mixed,frame_drop+mesh_decimation,mixed/0250_run_frame_drop+mesh_decimation_severe+severe.mp4,single/0250_run_reference.mp4,severe+severe,reference
1075,0250,run,reference_vs_mixed,joint_noise+vertex_quantization,single/0250_run_reference.mp4,mixed/0250_run_joint_noise+vertex_quantization_mild+mild.mp4,reference,mild+mild
1076,0250,run,reference_vs_mixed,joint_noise+vertex_quantization,single/0250_run_reference.mp4,mixed/0250_run_joint_noise+vertex_quantization_severe+severe.mp4,reference,severe+severe
1077,0250,run,reference_vs_mixed,smoothing+texture_compression,single/0250_run_reference.mp4,mixed/0250_run_smoothing+texture_compression_mild+mild.mp4,reference,mild+mild
1078,0250,run,reference_vs_mixed,smoothing+texture_compression,single/0250_run_reference.mp4,mixed/0250_run_smoothing+texture_compression_severe+severe.mp4,reference,severe+severe
1079,0250,run,reference_vs_mixed,param_quantization+mesh_decimation,single/0250_run_reference.mp4,mixed/0250_run_param_quantization+mesh_decimation_mild+mild.mp4,reference,mild+mild
1080,0250,run,reference_vs_mixed,param_quantization+mesh_decimation,single/0250_run_reference.mp4,mixed/0250_run_param_quantization+mesh_decimation_severe+severe.mp4,reference,severe+severe
1081,0250,run,reference_vs_mixed,motion_blur+vertex_quantization,mixed/0250_run_motion_blur+vertex_quantization_mild+mild.mp4,single/0250_run_reference.mp4,mild+mild,reference
1082,0250,run,reference_vs_mixed,motion_blur+vertex_quantization,mixed/0250_run_motion_blur+vertex_quantization_severe+severe.mp4,single/0250_run_reference.mp4,severe+severe,reference
1083,0250,walk,reference_vs_distorted,jitter,single/0250_walk_reference.mp4,single/0250_walk_jitter_mild.mp4,reference,mild
1084,0250,walk,reference_vs_distorted,jitter,single/0250_walk_jitter_moderate.mp4,single/0250_walk_reference.mp4,moderate,reference
1085,0250,walk,reference_vs_distorted,jitter,single/0250_walk_reference.mp4,single/0250_walk_jitter_severe.mp4,reference,severe
1086,0250,walk,reference_vs_distorted,joint_noise,single/0250_walk_reference.mp4,single/0250_walk_joint_noise_mild.mp4,reference,mild
1087,0250,walk,reference_vs_distorted,joint_noise,single/0250_walk_joint_noise_moderate.mp4,single/0250_walk_reference.mp4,moderate,reference
1088,0250,walk,reference_vs_distorted,joint_noise,single/0250_walk_reference.mp4,single/0250_walk_joint_noise_severe.mp4,reference,severe
1089,0250,walk,reference_vs_distorted,frame_drop,single/0250_walk_reference.mp4,single/0250_walk_frame_drop_mild.mp4,reference,mild
1090,0250,walk,reference_vs_distorted,frame_drop,single/0250_walk_reference.mp4,single/0250_walk_frame_drop_moderate.mp4,reference,moderate
1091,0250,walk,reference_vs_distorted,frame_drop,single/0250_walk_frame_drop_severe.mp4,single/0250_walk_reference.mp4,severe,reference
1092,0250,walk,reference_vs_distorted,smoothing,single/0250_walk_smoothing_mild.mp4,single/0250_walk_reference.mp4,mild,reference
1093,0250,walk,reference_vs_distorted,smoothing,single/0250_walk_smoothing_moderate.mp4,single/0250_walk_reference.mp4,moderate,reference
1094,0250,walk,reference_vs_distorted,smoothing,single/0250_walk_reference.mp4,single/0250_walk_smoothing_severe.mp4,reference,severe
1095,0250,walk,reference_vs_distorted,param_quantization,single/0250_walk_reference.mp4,single/0250_walk_param_quantization_mild.mp4,reference,mild
1096,0250,walk,reference_vs_distorted,param_quantization,single/0250_walk_reference.mp4,single/0250_walk_param_quantization_moderate.mp4,reference,moderate
1097,0250,walk,reference_vs_distorted,param_quantization,single/0250_walk_param_quantization_severe.mp4,single/0250_walk_reference.mp4,severe,reference
1098,0250,walk,reference_vs_distorted,vertex_quantization,single/0250_walk_vertex_quantization_mild.mp4,single/0250_walk_reference.mp4,mild,reference
1099,0250,walk,reference_vs_distorted,vertex_quantization,single/0250_walk_reference.mp4,single/0250_walk_vertex_quantization_moderate.mp4,reference,moderate
1100,0250,walk,reference_vs_distorted,vertex_quantization,single/0250_walk_vertex_quantization_severe.mp4,single/0250_walk_reference.mp4,severe,reference
1101,0250,walk,reference_vs_distorted,mesh_decimation,single/0250_walk_reference.mp4,single/0250_walk_mesh_decimation_mild.mp4,reference,mild
1102,0250,walk,reference_vs_distorted,mesh_decimation,single/0250_walk_mesh_decimation_moderate.mp4,single/0250_walk_reference.mp4,moderate,reference
1103,0250,walk,reference_vs_distorted,mesh_decimation,single/0250_walk_mesh_decimation_severe.mp4,single/0250_walk_reference.mp4,severe,reference
1104,0250,walk,reference_vs_distorted,texture_compression,single/0250_walk_reference.mp4,single/0250_walk_texture_compression_mild.mp4,reference,mild
1105,0250,walk,reference_vs_distorted,texture_compression,single/0250_walk_texture_compression_moderate.mp4,single/0250_walk_reference.mp4,moderate,reference
1106,0250,walk,reference_vs_distorted,texture_compression,single/0250_walk_reference.mp4,single/0250_walk_texture_compression_severe.mp4,reference,severe
1107,0250,walk,reference_vs_distorted,motion_blur,single/0250_walk_motion_blur_mild.mp4,single/0250_walk_reference.mp4,mild,reference
1108,0250,walk,reference_vs_distorted,motion_blur,single/0250_walk_reference.mp4,single/0250_walk_motion_blur_moderate.mp4,reference,moderate
1109,0250,walk,reference_vs_distorted,motion_blur,single/0250_walk_reference.mp4,single/0250_walk_motion_blur_severe.mp4,reference,severe
1110,0250,walk,adjacent_severity,jitter,single/0250_walk_jitter_mild.mp4,single/0250_walk_jitter_moderate.mp4,mild,moderate
1111,0250,walk,adjacent_severity,jitter,single/0250_walk_jitter_severe.mp4,single/0250_walk_jitter_moderate.mp4,severe,moderate
1112,0250,walk,adjacent_severity,joint_noise,single/0250_walk_joint_noise_mild.mp4,single/0250_walk_joint_noise_moderate.mp4,mild,moderate
1113,0250,walk,adjacent_severity,joint_noise,single/0250_walk_joint_noise_severe.mp4,single/0250_walk_joint_noise_moderate.mp4,severe,moderate
1114,0250,walk,adjacent_severity,frame_drop,single/0250_walk_frame_drop_moderate.mp4,single/0250_walk_frame_drop_mild.mp4,moderate,mild
1115,0250,walk,adjacent_severity,frame_drop,single/0250_walk_frame_drop_moderate.mp4,single/0250_walk_frame_drop_severe.mp4,moderate,severe
1116,0250,walk,adjacent_severity,smoothing,single/0250_walk_smoothing_mild.mp4,single/0250_walk_smoothing_moderate.mp4,mild,moderate
1117,0250,walk,adjacent_severity,smoothing,single/0250_walk_smoothing_severe.mp4,single/0250_walk_smoothing_moderate.mp4,severe,moderate
1118,0250,walk,adjacent_severity,param_quantization,single/0250_walk_param_quantization_moderate.mp4,single/0250_walk_param_quantization_mild.mp4,moderate,mild
1119,0250,walk,adjacent_severity,param_quantization,single/0250_walk_param_quantization_severe.mp4,single/0250_walk_param_quantization_moderate.mp4,severe,moderate
1120,0250,walk,adjacent_severity,vertex_quantization,single/0250_walk_vertex_quantization_moderate.mp4,single/0250_walk_vertex_quantization_mild.mp4,moderate,mild
1121,0250,walk,adjacent_severity,vertex_quantization,single/0250_walk_vertex_quantization_moderate.mp4,single/0250_walk_vertex_quantization_severe.mp4,moderate,severe
1122,0250,walk,adjacent_severity,mesh_decimation,single/0250_walk_mesh_decimation_mild.mp4,single/0250_walk_mesh_decimation_moderate.mp4,mild,moderate
1123,0250,walk,adjacent_severity,mesh_decimation,single/0250_walk_mesh_decimation_moderate.mp4,single/0250_walk_mesh_decimation_severe.mp4,moderate,severe
1124,0250,walk,adjacent_severity,texture_compression,single/0250_walk_texture_compression_mild.mp4,single/0250_walk_texture_compression_moderate.mp4,mild,moderate
1125,0250,walk,adjacent_severity,texture_compression,single/0250_walk_texture_compression_severe.mp4,single/0250_walk_texture_compression_moderate.mp4,severe,moderate
1126,0250,walk,adjacent_severity,motion_blur,single/0250_walk_motion_blur_moderate.mp4,single/0250_walk_motion_blur_mild.mp4,moderate,mild
1127,0250,walk,adjacent_severity,motion_blur,single/0250_walk_motion_blur_severe.mp4,single/0250_walk_motion_blur_moderate.mp4,severe,moderate
1128,0250,walk,reference_vs_mixed,jitter+texture_compression,single/0250_walk_reference.mp4,mixed/0250_walk_jitter+texture_compression_mild+mild.mp4,reference,mild+mild
1129,0250,walk,reference_vs_mixed,jitter+texture_compression,mixed/0250_walk_jitter+texture_compression_severe+severe.mp4,single/0250_walk_reference.mp4,severe+severe,reference
1130,0250,walk,reference_vs_mixed,frame_drop+mesh_decimation,mixed/0250_walk_frame_drop+mesh_decimation_mild+mild.mp4,single/0250_walk_reference.mp4,mild+mild,reference
1131,0250,walk,reference_vs_mixed,frame_drop+mesh_decimation,single/0250_walk_reference.mp4,mixed/0250_walk_frame_drop+mesh_decimation_severe+severe.mp4,reference,severe+severe
1132,0250,walk,reference_vs_mixed,joint_noise+vertex_quantization,mixed/0250_walk_joint_noise+vertex_quantization_mild+mild.mp4,single/0250_walk_reference.mp4,mild+mild,reference
1133,0250,walk,reference_vs_mixed,joint_noise+vertex_quantization,single/0250_walk_reference.mp4,mixed/0250_walk_joint_noise+vertex_quantization_severe+severe.mp4,reference,severe+severe
1134,0250,walk,reference_vs_mixed,smoothing+texture_compression,single/0250_walk_reference.mp4,mixed/0250_walk_smoothing+texture_compression_mild+mild.mp4,reference,mild+mild
1135,0250,walk,reference_vs_mixed,smoothing+texture_compression,single/0250_walk_reference.mp4,mixed/0250_walk_smoothing+texture_compression_severe+severe.mp4,reference,severe+severe
1136,0250,walk,reference_vs_mixed,param_quantization+mesh_decimation,single/0250_walk_reference.mp4,mixed/0250_walk_param_quantization+mesh_decimation_mild+mild.mp4,reference,mild+mild
1137,0250,walk,reference_vs_mixed,param_quantization+mesh_decimation,single/0250_walk_reference.mp4,mixed/0250_walk_param_quantization+mesh_decimation_severe+severe.mp4,reference,severe+severe
1138,0250,walk,reference_vs_mixed,motion_blur+vertex_quantization,single/0250_walk_reference.mp4,mixed/0250_walk_motion_blur+vertex_quantization_mild+mild.mp4,reference,mild+mild
1139,0250,walk,reference_vs_mixed,motion_blur+vertex_quantization,mixed/0250_walk_motion_blur+vertex_quantization_severe+severe.mp4,single/0250_walk_reference.mp4,severe+severe,reference
1140,0450,bmlmovi_walk,reference_vs_distorted,jitter,single/0450_bmlmovi_walk_jitter_mild.mp4,single/0450_bmlmovi_walk_reference.mp4,mild,reference
1141,0450,bmlmovi_walk,reference_vs_distorted,jitter,single/0450_bmlmovi_walk_jitter_moderate.mp4,single/0450_bmlmovi_walk_reference.mp4,moderate,reference
1142,0450,bmlmovi_walk,reference_vs_distorted,jitter,single/0450_bmlmovi_walk_jitter_severe.mp4,single/0450_bmlmovi_walk_reference.mp4,severe,reference
1143,0450,bmlmovi_walk,reference_vs_distorted,joint_noise,single/0450_bmlmovi_walk_reference.mp4,single/0450_bmlmovi_walk_joint_noise_mild.mp4,reference,mild
1144,0450,bmlmovi_walk,reference_vs_distorted,joint_noise,single/0450_bmlmovi_walk_joint_noise_moderate.mp4,single/0450_bmlmovi_walk_reference.mp4,moderate,reference
1145,0450,bmlmovi_walk,reference_vs_distorted,joint_noise,single/0450_bmlmovi_walk_reference.mp4,single/0450_bmlmovi_walk_joint_noise_severe.mp4,reference,severe
1146,0450,bmlmovi_walk,reference_vs_distorted,frame_drop,single/0450_bmlmovi_walk_frame_drop_mild.mp4,single/0450_bmlmovi_walk_reference.mp4,mild,reference
1147,0450,bmlmovi_walk,reference_vs_distorted,frame_drop,single/0450_bmlmovi_walk_frame_drop_moderate.mp4,single/0450_bmlmovi_walk_reference.mp4,moderate,reference
1148,0450,bmlmovi_walk,reference_vs_distorted,frame_drop,single/0450_bmlmovi_walk_reference.mp4,single/0450_bmlmovi_walk_frame_drop_severe.mp4,reference,severe
1149,0450,bmlmovi_walk,reference_vs_distorted,smoothing,single/0450_bmlmovi_walk_smoothing_mild.mp4,single/0450_bmlmovi_walk_reference.mp4,mild,reference
1150,0450,bmlmovi_walk,reference_vs_distorted,smoothing,single/0450_bmlmovi_walk_smoothing_moderate.mp4,single/0450_bmlmovi_walk_reference.mp4,moderate,reference
1151,0450,bmlmovi_walk,reference_vs_distorted,smoothing,single/0450_bmlmovi_walk_reference.mp4,single/0450_bmlmovi_walk_smoothing_severe.mp4,reference,severe
1152,0450,bmlmovi_walk,reference_vs_distorted,param_quantization,single/0450_bmlmovi_walk_param_quantization_mild.mp4,single/0450_bmlmovi_walk_reference.mp4,mild,reference
1153,0450,bmlmovi_walk,reference_vs_distorted,param_quantization,single/0450_bmlmovi_walk_reference.mp4,single/0450_bmlmovi_walk_param_quantization_moderate.mp4,reference,moderate
1154,0450,bmlmovi_walk,reference_vs_distorted,param_quantization,single/0450_bmlmovi_walk_reference.mp4,single/0450_bmlmovi_walk_param_quantization_severe.mp4,reference,severe
1155,0450,bmlmovi_walk,reference_vs_distorted,vertex_quantization,single/0450_bmlmovi_walk_reference.mp4,single/0450_bmlmovi_walk_vertex_quantization_mild.mp4,reference,mild
1156,0450,bmlmovi_walk,reference_vs_distorted,vertex_quantization,single/0450_bmlmovi_walk_vertex_quantization_moderate.mp4,single/0450_bmlmovi_walk_reference.mp4,moderate,reference
1157,0450,bmlmovi_walk,reference_vs_distorted,vertex_quantization,single/0450_bmlmovi_walk_vertex_quantization_severe.mp4,single/0450_bmlmovi_walk_reference.mp4,severe,reference
1158,0450,bmlmovi_walk,reference_vs_distorted,mesh_decimation,single/0450_bmlmovi_walk_mesh_decimation_mild.mp4,single/0450_bmlmovi_walk_reference.mp4,mild,reference
1159,0450,bmlmovi_walk,reference_vs_distorted,mesh_decimation,single/0450_bmlmovi_walk_reference.mp4,single/0450_bmlmovi_walk_mesh_decimation_moderate.mp4,reference,moderate
1160,0450,bmlmovi_walk,reference_vs_distorted,mesh_decimation,single/0450_bmlmovi_walk_mesh_decimation_severe.mp4,single/0450_bmlmovi_walk_reference.mp4,severe,reference
1161,0450,bmlmovi_walk,reference_vs_distorted,texture_compression,single/0450_bmlmovi_walk_reference.mp4,single/0450_bmlmovi_walk_texture_compression_mild.mp4,reference,mild
1162,0450,bmlmovi_walk,reference_vs_distorted,texture_compression,single/0450_bmlmovi_walk_reference.mp4,single/0450_bmlmovi_walk_texture_compression_moderate.mp4,reference,moderate
1163,0450,bmlmovi_walk,reference_vs_distorted,texture_compression,single/0450_bmlmovi_walk_texture_compression_severe.mp4,single/0450_bmlmovi_walk_reference.mp4,severe,reference
1164,0450,bmlmovi_walk,reference_vs_distorted,motion_blur,single/0450_bmlmovi_walk_motion_blur_mild.mp4,single/0450_bmlmovi_walk_reference.mp4,mild,reference
1165,0450,bmlmovi_walk,reference_vs_distorted,motion_blur,single/0450_bmlmovi_walk_motion_blur_moderate.mp4,single/0450_bmlmovi_walk_reference.mp4,moderate,reference
1166,0450,bmlmovi_walk,reference_vs_distorted,motion_blur,single/0450_bmlmovi_walk_motion_blur_severe.mp4,single/0450_bmlmovi_walk_reference.mp4,severe,reference
1167,0450,bmlmovi_walk,adjacent_severity,jitter,single/0450_bmlmovi_walk_jitter_moderate.mp4,single/0450_bmlmovi_walk_jitter_mild.mp4,moderate,mild
1168,0450,bmlmovi_walk,adjacent_severity,jitter,single/0450_bmlmovi_walk_jitter_moderate.mp4,single/0450_bmlmovi_walk_jitter_severe.mp4,moderate,severe
1169,0450,bmlmovi_walk,adjacent_severity,joint_noise,single/0450_bmlmovi_walk_joint_noise_moderate.mp4,single/0450_bmlmovi_walk_joint_noise_mild.mp4,moderate,mild
1170,0450,bmlmovi_walk,adjacent_severity,joint_noise,single/0450_bmlmovi_walk_joint_noise_severe.mp4,single/0450_bmlmovi_walk_joint_noise_moderate.mp4,severe,moderate
1171,0450,bmlmovi_walk,adjacent_severity,frame_drop,single/0450_bmlmovi_walk_frame_drop_moderate.mp4,single/0450_bmlmovi_walk_frame_drop_mild.mp4,moderate,mild
1172,0450,bmlmovi_walk,adjacent_severity,frame_drop,single/0450_bmlmovi_walk_frame_drop_moderate.mp4,single/0450_bmlmovi_walk_frame_drop_severe.mp4,moderate,severe
1173,0450,bmlmovi_walk,adjacent_severity,smoothing,single/0450_bmlmovi_walk_smoothing_moderate.mp4,single/0450_bmlmovi_walk_smoothing_mild.mp4,moderate,mild
1174,0450,bmlmovi_walk,adjacent_severity,smoothing,single/0450_bmlmovi_walk_smoothing_severe.mp4,single/0450_bmlmovi_walk_smoothing_moderate.mp4,severe,moderate
1175,0450,bmlmovi_walk,adjacent_severity,param_quantization,single/0450_bmlmovi_walk_param_quantization_mild.mp4,single/0450_bmlmovi_walk_param_quantization_moderate.mp4,mild,moderate
1176,0450,bmlmovi_walk,adjacent_severity,param_quantization,single/0450_bmlmovi_walk_param_quantization_moderate.mp4,single/0450_bmlmovi_walk_param_quantization_severe.mp4,moderate,severe
1177,0450,bmlmovi_walk,adjacent_severity,vertex_quantization,single/0450_bmlmovi_walk_vertex_quantization_moderate.mp4,single/0450_bmlmovi_walk_vertex_quantization_mild.mp4,moderate,mild
1178,0450,bmlmovi_walk,adjacent_severity,vertex_quantization,single/0450_bmlmovi_walk_vertex_quantization_moderate.mp4,single/0450_bmlmovi_walk_vertex_quantization_severe.mp4,moderate,severe
1179,0450,bmlmovi_walk,adjacent_severity,mesh_decimation,single/0450_bmlmovi_walk_mesh_decimation_moderate.mp4,single/0450_bmlmovi_walk_mesh_decimation_mild.mp4,moderate,mild
1180,0450,bmlmovi_walk,adjacent_severity,mesh_decimation,single/0450_bmlmovi_walk_mesh_decimation_moderate.mp4,single/0450_bmlmovi_walk_mesh_decimation_severe.mp4,moderate,severe
1181,0450,bmlmovi_walk,adjacent_severity,texture_compression,single/0450_bmlmovi_walk_texture_compression_mild.mp4,single/0450_bmlmovi_walk_texture_compression_moderate.mp4,mild,moderate
1182,0450,bmlmovi_walk,adjacent_severity,texture_compression,single/0450_bmlmovi_walk_texture_compression_moderate.mp4,single/0450_bmlmovi_walk_texture_compression_severe.mp4,moderate,severe
1183,0450,bmlmovi_walk,adjacent_severity,motion_blur,single/0450_bmlmovi_walk_motion_blur_moderate.mp4,single/0450_bmlmovi_walk_motion_blur_mild.mp4,moderate,mild
1184,0450,bmlmovi_walk,adjacent_severity,motion_blur,single/0450_bmlmovi_walk_motion_blur_moderate.mp4,single/0450_bmlmovi_walk_motion_blur_severe.mp4,moderate,severe
1185,0450,bmlmovi_walk,reference_vs_mixed,jitter+texture_compression,single/0450_bmlmovi_walk_reference.mp4,mixed/0450_bmlmovi_walk_jitter+texture_compression_mild+mild.mp4,reference,mild+mild
1186,0450,bmlmovi_walk,reference_vs_mixed,jitter+texture_compression,single/0450_bmlmovi_walk_reference.mp4,mixed/0450_bmlmovi_walk_jitter+texture_compression_severe+severe.mp4,reference,severe+severe
1187,0450,bmlmovi_walk,reference_vs_mixed,frame_drop+mesh_decimation,single/0450_bmlmovi_walk_reference.mp4,mixed/0450_bmlmovi_walk_frame_drop+mesh_decimation_mild+mild.mp4,reference,mild+mild
1188,0450,bmlmovi_walk,reference_vs_mixed,frame_drop+mesh_decimation,mixed/0450_bmlmovi_walk_frame_drop+mesh_decimation_severe+severe.mp4,single/0450_bmlmovi_walk_reference.mp4,severe+severe,reference
1189,0450,bmlmovi_walk,reference_vs_mixed,joint_noise+vertex_quantization,mixed/0450_bmlmovi_walk_joint_noise+vertex_quantization_mild+mild.mp4,single/0450_bmlmovi_walk_reference.mp4,mild+mild,reference
1190,0450,bmlmovi_walk,reference_vs_mixed,joint_noise+vertex_quantization,mixed/0450_bmlmovi_walk_joint_noise+vertex_quantization_severe+severe.mp4,single/0450_bmlmovi_walk_reference.mp4,severe+severe,reference
1191,0450,bmlmovi_walk,reference_vs_mixed,smoothing+texture_compression,mixed/0450_bmlmovi_walk_smoothing+texture_compression_mild+mild.mp4,single/0450_bmlmovi_walk_reference.mp4,mild+mild,reference
1192,0450,bmlmovi_walk,reference_vs_mixed,smoothing+texture_compression,single/0450_bmlmovi_walk_reference.mp4,mixed/0450_bmlmovi_walk_smoothing+texture_compression_severe+severe.mp4,reference,severe+severe
1193,0450,bmlmovi_walk,reference_vs_mixed,param_quantization+mesh_decimation,mixed/0450_bmlmovi_walk_param_quantization+mesh_decimation_mild+mild.mp4,single/0450_bmlmovi_walk_reference.mp4,mild+mild,reference
1194,0450,bmlmovi_walk,reference_vs_mixed,param_quantization+mesh_decimation,single/0450_bmlmovi_walk_reference.mp4,mixed/0450_bmlmovi_walk_param_quantization+mesh_decimation_severe+severe.mp4,reference,severe+severe
1195,0450,bmlmovi_walk,reference_vs_mixed,motion_blur+vertex_quantization,mixed/0450_bmlmovi_walk_motion_blur+vertex_quantization_mild+mild.mp4,single/0450_bmlmovi_walk_reference.mp4,mild+mild,reference
1196,0450,bmlmovi_walk,reference_vs_mixed,motion_blur+vertex_quantization,mixed/0450_bmlmovi_walk_motion_blur+vertex_quantization_severe+severe.mp4,single/0450_bmlmovi_walk_reference.mp4,severe+severe,reference
1197,0450,front_kick,reference_vs_distorted,jitter,single/0450_front_kick_jitter_mild.mp4,single/0450_front_kick_reference.mp4,mild,reference
1198,0450,front_kick,reference_vs_distorted,jitter,single/0450_front_kick_reference.mp4,single/0450_front_kick_jitter_moderate.mp4,reference,moderate
1199,0450,front_kick,reference_vs_distorted,jitter,single/0450_front_kick_jitter_severe.mp4,single/0450_front_kick_reference.mp4,severe,reference
1200,0450,front_kick,reference_vs_distorted,joint_noise,single/0450_front_kick_joint_noise_mild.mp4,single/0450_front_kick_reference.mp4,mild,reference
1201,0450,front_kick,reference_vs_distorted,joint_noise,single/0450_front_kick_joint_noise_moderate.mp4,single/0450_front_kick_reference.mp4,moderate,reference
1202,0450,front_kick,reference_vs_distorted,joint_noise,single/0450_front_kick_reference.mp4,single/0450_front_kick_joint_noise_severe.mp4,reference,severe
1203,0450,front_kick,reference_vs_distorted,frame_drop,single/0450_front_kick_reference.mp4,single/0450_front_kick_frame_drop_mild.mp4,reference,mild
1204,0450,front_kick,reference_vs_distorted,frame_drop,single/0450_front_kick_reference.mp4,single/0450_front_kick_frame_drop_moderate.mp4,reference,moderate
1205,0450,front_kick,reference_vs_distorted,frame_drop,single/0450_front_kick_reference.mp4,single/0450_front_kick_frame_drop_severe.mp4,reference,severe
1206,0450,front_kick,reference_vs_distorted,smoothing,single/0450_front_kick_smoothing_mild.mp4,single/0450_front_kick_reference.mp4,mild,reference
1207,0450,front_kick,reference_vs_distorted,smoothing,single/0450_front_kick_smoothing_moderate.mp4,single/0450_front_kick_reference.mp4,moderate,reference
1208,0450,front_kick,reference_vs_distorted,smoothing,single/0450_front_kick_smoothing_severe.mp4,single/0450_front_kick_reference.mp4,severe,reference
1209,0450,front_kick,reference_vs_distorted,param_quantization,single/0450_front_kick_param_quantization_mild.mp4,single/0450_front_kick_reference.mp4,mild,reference
1210,0450,front_kick,reference_vs_distorted,param_quantization,single/0450_front_kick_param_quantization_moderate.mp4,single/0450_front_kick_reference.mp4,moderate,reference
1211,0450,front_kick,reference_vs_distorted,param_quantization,single/0450_front_kick_reference.mp4,single/0450_front_kick_param_quantization_severe.mp4,reference,severe
1212,0450,front_kick,reference_vs_distorted,vertex_quantization,single/0450_front_kick_reference.mp4,single/0450_front_kick_vertex_quantization_mild.mp4,reference,mild
1213,0450,front_kick,reference_vs_distorted,vertex_quantization,single/0450_front_kick_reference.mp4,single/0450_front_kick_vertex_quantization_moderate.mp4,reference,moderate
1214,0450,front_kick,reference_vs_distorted,vertex_quantization,single/0450_front_kick_vertex_quantization_severe.mp4,single/0450_front_kick_reference.mp4,severe,reference
1215,0450,front_kick,reference_vs_distorted,mesh_decimation,single/0450_front_kick_reference.mp4,single/0450_front_kick_mesh_decimation_mild.mp4,reference,mild
1216,0450,front_kick,reference_vs_distorted,mesh_decimation,single/0450_front_kick_reference.mp4,single/0450_front_kick_mesh_decimation_moderate.mp4,reference,moderate
1217,0450,front_kick,reference_vs_distorted,mesh_decimation,single/0450_front_kick_reference.mp4,single/0450_front_kick_mesh_decimation_severe.mp4,reference,severe
1218,0450,front_kick,reference_vs_distorted,texture_compression,single/0450_front_kick_reference.mp4,single/0450_front_kick_texture_compression_mild.mp4,reference,mild
1219,0450,front_kick,reference_vs_distorted,texture_compression,single/0450_front_kick_reference.mp4,single/0450_front_kick_texture_compression_moderate.mp4,reference,moderate
1220,0450,front_kick,reference_vs_distorted,texture_compression,single/0450_front_kick_reference.mp4,single/0450_front_kick_texture_compression_severe.mp4,reference,severe
1221,0450,front_kick,reference_vs_distorted,motion_blur,single/0450_front_kick_motion_blur_mild.mp4,single/0450_front_kick_reference.mp4,mild,reference
1222,0450,front_kick,reference_vs_distorted,motion_blur,single/0450_front_kick_reference.mp4,single/0450_front_kick_motion_blur_moderate.mp4,reference,moderate
1223,0450,front_kick,reference_vs_distorted,motion_blur,single/0450_front_kick_reference.mp4,single/0450_front_kick_motion_blur_severe.mp4,reference,severe
1224,0450,front_kick,adjacent_severity,jitter,single/0450_front_kick_jitter_moderate.mp4,single/0450_front_kick_jitter_mild.mp4,moderate,mild
1225,0450,front_kick,adjacent_severity,jitter,single/0450_front_kick_jitter_severe.mp4,single/0450_front_kick_jitter_moderate.mp4,severe,moderate
1226,0450,front_kick,adjacent_severity,joint_noise,single/0450_front_kick_joint_noise_moderate.mp4,single/0450_front_kick_joint_noise_mild.mp4,moderate,mild
1227,0450,front_kick,adjacent_severity,joint_noise,single/0450_front_kick_joint_noise_severe.mp4,single/0450_front_kick_joint_noise_moderate.mp4,severe,moderate
1228,0450,front_kick,adjacent_severity,frame_drop,single/0450_front_kick_frame_drop_mild.mp4,single/0450_front_kick_frame_drop_moderate.mp4,mild,moderate
1229,0450,front_kick,adjacent_severity,frame_drop,single/0450_front_kick_frame_drop_moderate.mp4,single/0450_front_kick_frame_drop_severe.mp4,moderate,severe
1230,0450,front_kick,adjacent_severity,smoothing,single/0450_front_kick_smoothing_mild.mp4,single/0450_front_kick_smoothing_moderate.mp4,mild,moderate
1231,0450,front_kick,adjacent_severity,smoothing,single/0450_front_kick_smoothing_severe.mp4,single/0450_front_kick_smoothing_moderate.mp4,severe,moderate
1232,0450,front_kick,adjacent_severity,param_quantization,single/0450_front_kick_param_quantization_mild.mp4,single/0450_front_kick_param_quantization_moderate.mp4,mild,moderate
1233,0450,front_kick,adjacent_severity,param_quantization,single/0450_front_kick_param_quantization_severe.mp4,single/0450_front_kick_param_quantization_moderate.mp4,severe,moderate
1234,0450,front_kick,adjacent_severity,vertex_quantization,single/0450_front_kick_vertex_quantization_moderate.mp4,single/0450_front_kick_vertex_quantization_mild.mp4,moderate,mild
1235,0450,front_kick,adjacent_severity,vertex_quantization,single/0450_front_kick_vertex_quantization_moderate.mp4,single/0450_front_kick_vertex_quantization_severe.mp4,moderate,severe
1236,0450,front_kick,adjacent_severity,mesh_decimation,single/0450_front_kick_mesh_decimation_moderate.mp4,single/0450_front_kick_mesh_decimation_mild.mp4,moderate,mild
1237,0450,front_kick,adjacent_severity,mesh_decimation,single/0450_front_kick_mesh_decimation_moderate.mp4,single/0450_front_kick_mesh_decimation_severe.mp4,moderate,severe
1238,0450,front_kick,adjacent_severity,texture_compression,single/0450_front_kick_texture_compression_moderate.mp4,single/0450_front_kick_texture_compression_mild.mp4,moderate,mild
1239,0450,front_kick,adjacent_severity,texture_compression,single/0450_front_kick_texture_compression_moderate.mp4,single/0450_front_kick_texture_compression_severe.mp4,moderate,severe
1240,0450,front_kick,adjacent_severity,motion_blur,single/0450_front_kick_motion_blur_mild.mp4,single/0450_front_kick_motion_blur_moderate.mp4,mild,moderate
1241,0450,front_kick,adjacent_severity,motion_blur,single/0450_front_kick_motion_blur_moderate.mp4,single/0450_front_kick_motion_blur_severe.mp4,moderate,severe
1242,0450,front_kick,reference_vs_mixed,jitter+texture_compression,mixed/0450_front_kick_jitter+texture_compression_mild+mild.mp4,single/0450_front_kick_reference.mp4,mild+mild,reference
1243,0450,front_kick,reference_vs_mixed,jitter+texture_compression,mixed/0450_front_kick_jitter+texture_compression_severe+severe.mp4,single/0450_front_kick_reference.mp4,severe+severe,reference
1244,0450,front_kick,reference_vs_mixed,frame_drop+mesh_decimation,single/0450_front_kick_reference.mp4,mixed/0450_front_kick_frame_drop+mesh_decimation_mild+mild.mp4,reference,mild+mild
1245,0450,front_kick,reference_vs_mixed,frame_drop+mesh_decimation,single/0450_front_kick_reference.mp4,mixed/0450_front_kick_frame_drop+mesh_decimation_severe+severe.mp4,reference,severe+severe
1246,0450,front_kick,reference_vs_mixed,joint_noise+vertex_quantization,single/0450_front_kick_reference.mp4,mixed/0450_front_kick_joint_noise+vertex_quantization_mild+mild.mp4,reference,mild+mild
1247,0450,front_kick,reference_vs_mixed,joint_noise+vertex_quantization,mixed/0450_front_kick_joint_noise+vertex_quantization_severe+severe.mp4,single/0450_front_kick_reference.mp4,severe+severe,reference
1248,0450,front_kick,reference_vs_mixed,smoothing+texture_compression,single/0450_front_kick_reference.mp4,mixed/0450_front_kick_smoothing+texture_compression_mild+mild.mp4,reference,mild+mild
1249,0450,front_kick,reference_vs_mixed,smoothing+texture_compression,single/0450_front_kick_reference.mp4,mixed/0450_front_kick_smoothing+texture_compression_severe+severe.mp4,reference,severe+severe
1250,0450,front_kick,reference_vs_mixed,param_quantization+mesh_decimation,single/0450_front_kick_reference.mp4,mixed/0450_front_kick_param_quantization+mesh_decimation_mild+mild.mp4,reference,mild+mild
1251,0450,front_kick,reference_vs_mixed,param_quantization+mesh_decimation,mixed/0450_front_kick_param_quantization+mesh_decimation_severe+severe.mp4,single/0450_front_kick_reference.mp4,severe+severe,reference
1252,0450,front_kick,reference_vs_mixed,motion_blur+vertex_quantization,single/0450_front_kick_reference.mp4,mixed/0450_front_kick_motion_blur+vertex_quantization_mild+mild.mp4,reference,mild+mild
1253,0450,front_kick,reference_vs_mixed,motion_blur+vertex_quantization,mixed/0450_front_kick_motion_blur+vertex_quantization_severe+severe.mp4,single/0450_front_kick_reference.mp4,severe+severe,reference
1254,0450,pickup_box,reference_vs_distorted,jitter,single/0450_pickup_box_reference.mp4,single/0450_pickup_box_jitter_mild.mp4,reference,mild
1255,0450,pickup_box,reference_vs_distorted,jitter,single/0450_pickup_box_reference.mp4,single/0450_pickup_box_jitter_moderate.mp4,reference,moderate
1256,0450,pickup_box,reference_vs_distorted,jitter,single/0450_pickup_box_jitter_severe.mp4,single/0450_pickup_box_reference.mp4,severe,reference
1257,0450,pickup_box,reference_vs_distorted,joint_noise,single/0450_pickup_box_reference.mp4,single/0450_pickup_box_joint_noise_mild.mp4,reference,mild
1258,0450,pickup_box,reference_vs_distorted,joint_noise,single/0450_pickup_box_reference.mp4,single/0450_pickup_box_joint_noise_moderate.mp4,reference,moderate
1259,0450,pickup_box,reference_vs_distorted,joint_noise,single/0450_pickup_box_joint_noise_severe.mp4,single/0450_pickup_box_reference.mp4,severe,reference
1260,0450,pickup_box,reference_vs_distorted,frame_drop,single/0450_pickup_box_reference.mp4,single/0450_pickup_box_frame_drop_mild.mp4,reference,mild
1261,0450,pickup_box,reference_vs_distorted,frame_drop,single/0450_pickup_box_frame_drop_moderate.mp4,single/0450_pickup_box_reference.mp4,moderate,reference
1262,0450,pickup_box,reference_vs_distorted,frame_drop,single/0450_pickup_box_frame_drop_severe.mp4,single/0450_pickup_box_reference.mp4,severe,reference
1263,0450,pickup_box,reference_vs_distorted,smoothing,single/0450_pickup_box_smoothing_mild.mp4,single/0450_pickup_box_reference.mp4,mild,reference
1264,0450,pickup_box,reference_vs_distorted,smoothing,single/0450_pickup_box_smoothing_moderate.mp4,single/0450_pickup_box_reference.mp4,moderate,reference
1265,0450,pickup_box,reference_vs_distorted,smoothing,single/0450_pickup_box_reference.mp4,single/0450_pickup_box_smoothing_severe.mp4,reference,severe
1266,0450,pickup_box,reference_vs_distorted,param_quantization,single/0450_pickup_box_reference.mp4,single/0450_pickup_box_param_quantization_mild.mp4,reference,mild
1267,0450,pickup_box,reference_vs_distorted,param_quantization,single/0450_pickup_box_reference.mp4,single/0450_pickup_box_param_quantization_moderate.mp4,reference,moderate
1268,0450,pickup_box,reference_vs_distorted,param_quantization,single/0450_pickup_box_param_quantization_severe.mp4,single/0450_pickup_box_reference.mp4,severe,reference
1269,0450,pickup_box,reference_vs_distorted,vertex_quantization,single/0450_pickup_box_reference.mp4,single/0450_pickup_box_vertex_quantization_mild.mp4,reference,mild
1270,0450,pickup_box,reference_vs_distorted,vertex_quantization,single/0450_pickup_box_vertex_quantization_moderate.mp4,single/0450_pickup_box_reference.mp4,moderate,reference
1271,0450,pickup_box,reference_vs_distorted,vertex_quantization,single/0450_pickup_box_reference.mp4,single/0450_pickup_box_vertex_quantization_severe.mp4,reference,severe
1272,0450,pickup_box,reference_vs_distorted,mesh_decimation,single/0450_pickup_box_reference.mp4,single/0450_pickup_box_mesh_decimation_mild.mp4,reference,mild
1273,0450,pickup_box,reference_vs_distorted,mesh_decimation,single/0450_pickup_box_reference.mp4,single/0450_pickup_box_mesh_decimation_moderate.mp4,reference,moderate
1274,0450,pickup_box,reference_vs_distorted,mesh_decimation,single/0450_pickup_box_mesh_decimation_severe.mp4,single/0450_pickup_box_reference.mp4,severe,reference
1275,0450,pickup_box,reference_vs_distorted,texture_compression,single/0450_pickup_box_texture_compression_mild.mp4,single/0450_pickup_box_reference.mp4,mild,reference
1276,0450,pickup_box,reference_vs_distorted,texture_compression,single/0450_pickup_box_reference.mp4,single/0450_pickup_box_texture_compression_moderate.mp4,reference,moderate
1277,0450,pickup_box,reference_vs_distorted,texture_compression,single/0450_pickup_box_texture_compression_severe.mp4,single/0450_pickup_box_reference.mp4,severe,reference
1278,0450,pickup_box,reference_vs_distorted,motion_blur,single/0450_pickup_box_reference.mp4,single/0450_pickup_box_motion_blur_mild.mp4,reference,mild
1279,0450,pickup_box,reference_vs_distorted,motion_blur,single/0450_pickup_box_reference.mp4,single/0450_pickup_box_motion_blur_moderate.mp4,reference,moderate
1280,0450,pickup_box,reference_vs_distorted,motion_blur,single/0450_pickup_box_motion_blur_severe.mp4,single/0450_pickup_box_reference.mp4,severe,reference
1281,0450,pickup_box,adjacent_severity,jitter,single/0450_pickup_box_jitter_moderate.mp4,single/0450_pickup_box_jitter_mild.mp4,moderate,mild
1282,0450,pickup_box,adjacent_severity,jitter,single/0450_pickup_box_jitter_severe.mp4,single/0450_pickup_box_jitter_moderate.mp4,severe,moderate
1283,0450,pickup_box,adjacent_severity,joint_noise,single/0450_pickup_box_joint_noise_moderate.mp4,single/0450_pickup_box_joint_noise_mild.mp4,moderate,mild
1284,0450,pickup_box,adjacent_severity,joint_noise,single/0450_pickup_box_joint_noise_moderate.mp4,single/0450_pickup_box_joint_noise_severe.mp4,moderate,severe
1285,0450,pickup_box,adjacent_severity,frame_drop,single/0450_pickup_box_frame_drop_mild.mp4,single/0450_pickup_box_frame_drop_moderate.mp4,mild,moderate
1286,0450,pickup_box,adjacent_severity,frame_drop,single/0450_pickup_box_frame_drop_moderate.mp4,single/0450_pickup_box_frame_drop_severe.mp4,moderate,severe
1287,0450,pickup_box,adjacent_severity,smoothing,single/0450_pickup_box_smoothing_moderate.mp4,single/0450_pickup_box_smoothing_mild.mp4,moderate,mild
1288,0450,pickup_box,adjacent_severity,smoothing,single/0450_pickup_box_smoothing_severe.mp4,single/0450_pickup_box_smoothing_moderate.mp4,severe,moderate
1289,0450,pickup_box,adjacent_severity,param_quantization,single/0450_pickup_box_param_quantization_moderate.mp4,single/0450_pickup_box_param_quantization_mild.mp4,moderate,mild
1290,0450,pickup_box,adjacent_severity,param_quantization,single/0450_pickup_box_param_quantization_moderate.mp4,single/0450_pickup_box_param_quantization_severe.mp4,moderate,severe
1291,0450,pickup_box,adjacent_severity,vertex_quantization,single/0450_pickup_box_vertex_quantization_mild.mp4,single/0450_pickup_box_vertex_quantization_moderate.mp4,mild,moderate
1292,0450,pickup_box,adjacent_severity,vertex_quantization,single/0450_pickup_box_vertex_quantization_severe.mp4,single/0450_pickup_box_vertex_quantization_moderate.mp4,severe,moderate
1293,0450,pickup_box,adjacent_severity,mesh_decimation,single/0450_pickup_box_mesh_decimation_moderate.mp4,single/0450_pickup_box_mesh_decimation_mild.mp4,moderate,mild
1294,0450,pickup_box,adjacent_severity,mesh_decimation,single/0450_pickup_box_mesh_decimation_moderate.mp4,single/0450_pickup_box_mesh_decimation_severe.mp4,moderate,severe
1295,0450,pickup_box,adjacent_severity,texture_compression,single/0450_pickup_box_texture_compression_mild.mp4,single/0450_pickup_box_texture_compression_moderate.mp4,mild,moderate
1296,0450,pickup_box,adjacent_severity,texture_compression,single/0450_pickup_box_texture_compression_severe.mp4,single/0450_pickup_box_texture_compression_moderate.mp4,severe,moderate
1297,0450,pickup_box,adjacent_severity,motion_blur,single/0450_pickup_box_motion_blur_mild.mp4,single/0450_pickup_box_motion_blur_moderate.mp4,mild,moderate
1298,0450,pickup_box,adjacent_severity,motion_blur,single/0450_pickup_box_motion_blur_moderate.mp4,single/0450_pickup_box_motion_blur_severe.mp4,moderate,severe
1299,0450,pickup_box,reference_vs_mixed,jitter+texture_compression,single/0450_pickup_box_reference.mp4,mixed/0450_pickup_box_jitter+texture_compression_mild+mild.mp4,reference,mild+mild
1300,0450,pickup_box,reference_vs_mixed,jitter+texture_compression,mixed/0450_pickup_box_jitter+texture_compression_severe+severe.mp4,single/0450_pickup_box_reference.mp4,severe+severe,reference
1301,0450,pickup_box,reference_vs_mixed,frame_drop+mesh_decimation,mixed/0450_pickup_box_frame_drop+mesh_decimation_mild+mild.mp4,single/0450_pickup_box_reference.mp4,mild+mild,reference
1302,0450,pickup_box,reference_vs_mixed,frame_drop+mesh_decimation,single/0450_pickup_box_reference.mp4,mixed/0450_pickup_box_frame_drop+mesh_decimation_severe+severe.mp4,reference,severe+severe
1303,0450,pickup_box,reference_vs_mixed,joint_noise+vertex_quantization,single/0450_pickup_box_reference.mp4,mixed/0450_pickup_box_joint_noise+vertex_quantization_mild+mild.mp4,reference,mild+mild
1304,0450,pickup_box,reference_vs_mixed,joint_noise+vertex_quantization,single/0450_pickup_box_reference.mp4,mixed/0450_pickup_box_joint_noise+vertex_quantization_severe+severe.mp4,reference,severe+severe
1305,0450,pickup_box,reference_vs_mixed,smoothing+texture_compression,single/0450_pickup_box_reference.mp4,mixed/0450_pickup_box_smoothing+texture_compression_mild+mild.mp4,reference,mild+mild
1306,0450,pickup_box,reference_vs_mixed,smoothing+texture_compression,mixed/0450_pickup_box_smoothing+texture_compression_severe+severe.mp4,single/0450_pickup_box_reference.mp4,severe+severe,reference
1307,0450,pickup_box,reference_vs_mixed,param_quantization+mesh_decimation,single/0450_pickup_box_reference.mp4,mixed/0450_pickup_box_param_quantization+mesh_decimation_mild+mild.mp4,reference,mild+mild
1308,0450,pickup_box,reference_vs_mixed,param_quantization+mesh_decimation,single/0450_pickup_box_reference.mp4,mixed/0450_pickup_box_param_quantization+mesh_decimation_severe+severe.mp4,reference,severe+severe
1309,0450,pickup_box,reference_vs_mixed,motion_blur+vertex_quantization,single/0450_pickup_box_reference.mp4,mixed/0450_pickup_box_motion_blur+vertex_quantization_mild+mild.mp4,reference,mild+mild
1310,0450,pickup_box,reference_vs_mixed,motion_blur+vertex_quantization,mixed/0450_pickup_box_motion_blur+vertex_quantization_severe+severe.mp4,single/0450_pickup_box_reference.mp4,severe+severe,reference
1311,0450,run,reference_vs_distorted,jitter,single/0450_run_jitter_mild.mp4,single/0450_run_reference.mp4,mild,reference
1312,0450,run,reference_vs_distorted,jitter,single/0450_run_reference.mp4,single/0450_run_jitter_moderate.mp4,reference,moderate
1313,0450,run,reference_vs_distorted,jitter,single/0450_run_jitter_severe.mp4,single/0450_run_reference.mp4,severe,reference
1314,0450,run,reference_vs_distorted,joint_noise,single/0450_run_reference.mp4,single/0450_run_joint_noise_mild.mp4,reference,mild
1315,0450,run,reference_vs_distorted,joint_noise,single/0450_run_reference.mp4,single/0450_run_joint_noise_moderate.mp4,reference,moderate
1316,0450,run,reference_vs_distorted,joint_noise,single/0450_run_joint_noise_severe.mp4,single/0450_run_reference.mp4,severe,reference
1317,0450,run,reference_vs_distorted,frame_drop,single/0450_run_frame_drop_mild.mp4,single/0450_run_reference.mp4,mild,reference
1318,0450,run,reference_vs_distorted,frame_drop,single/0450_run_frame_drop_moderate.mp4,single/0450_run_reference.mp4,moderate,reference
1319,0450,run,reference_vs_distorted,frame_drop,single/0450_run_reference.mp4,single/0450_run_frame_drop_severe.mp4,reference,severe
1320,0450,run,reference_vs_distorted,smoothing,single/0450_run_reference.mp4,single/0450_run_smoothing_mild.mp4,reference,mild
1321,0450,run,reference_vs_distorted,smoothing,single/0450_run_smoothing_moderate.mp4,single/0450_run_reference.mp4,moderate,reference
1322,0450,run,reference_vs_distorted,smoothing,single/0450_run_reference.mp4,single/0450_run_smoothing_severe.mp4,reference,severe
1323,0450,run,reference_vs_distorted,param_quantization,single/0450_run_reference.mp4,single/0450_run_param_quantization_mild.mp4,reference,mild
1324,0450,run,reference_vs_distorted,param_quantization,single/0450_run_reference.mp4,single/0450_run_param_quantization_moderate.mp4,reference,moderate
1325,0450,run,reference_vs_distorted,param_quantization,single/0450_run_reference.mp4,single/0450_run_param_quantization_severe.mp4,reference,severe
1326,0450,run,reference_vs_distorted,vertex_quantization,single/0450_run_reference.mp4,single/0450_run_vertex_quantization_mild.mp4,reference,mild
1327,0450,run,reference_vs_distorted,vertex_quantization,single/0450_run_vertex_quantization_moderate.mp4,single/0450_run_reference.mp4,moderate,reference
1328,0450,run,reference_vs_distorted,vertex_quantization,single/0450_run_vertex_quantization_severe.mp4,single/0450_run_reference.mp4,severe,reference
1329,0450,run,reference_vs_distorted,mesh_decimation,single/0450_run_mesh_decimation_mild.mp4,single/0450_run_reference.mp4,mild,reference
1330,0450,run,reference_vs_distorted,mesh_decimation,single/0450_run_mesh_decimation_moderate.mp4,single/0450_run_reference.mp4,moderate,reference
1331,0450,run,reference_vs_distorted,mesh_decimation,single/0450_run_reference.mp4,single/0450_run_mesh_decimation_severe.mp4,reference,severe
1332,0450,run,reference_vs_distorted,texture_compression,single/0450_run_reference.mp4,single/0450_run_texture_compression_mild.mp4,reference,mild
1333,0450,run,reference_vs_distorted,texture_compression,single/0450_run_texture_compression_moderate.mp4,single/0450_run_reference.mp4,moderate,reference
1334,0450,run,reference_vs_distorted,texture_compression,single/0450_run_reference.mp4,single/0450_run_texture_compression_severe.mp4,reference,severe
1335,0450,run,reference_vs_distorted,motion_blur,single/0450_run_motion_blur_mild.mp4,single/0450_run_reference.mp4,mild,reference
1336,0450,run,reference_vs_distorted,motion_blur,single/0450_run_motion_blur_moderate.mp4,single/0450_run_reference.mp4,moderate,reference
1337,0450,run,reference_vs_distorted,motion_blur,single/0450_run_reference.mp4,single/0450_run_motion_blur_severe.mp4,reference,severe
1338,0450,run,adjacent_severity,jitter,single/0450_run_jitter_moderate.mp4,single/0450_run_jitter_mild.mp4,moderate,mild
1339,0450,run,adjacent_severity,jitter,single/0450_run_jitter_severe.mp4,single/0450_run_jitter_moderate.mp4,severe,moderate
1340,0450,run,adjacent_severity,joint_noise,single/0450_run_joint_noise_mild.mp4,single/0450_run_joint_noise_moderate.mp4,mild,moderate
1341,0450,run,adjacent_severity,joint_noise,single/0450_run_joint_noise_moderate.mp4,single/0450_run_joint_noise_severe.mp4,moderate,severe
1342,0450,run,adjacent_severity,frame_drop,single/0450_run_frame_drop_moderate.mp4,single/0450_run_frame_drop_mild.mp4,moderate,mild
1343,0450,run,adjacent_severity,frame_drop,single/0450_run_frame_drop_severe.mp4,single/0450_run_frame_drop_moderate.mp4,severe,moderate
1344,0450,run,adjacent_severity,smoothing,single/0450_run_smoothing_moderate.mp4,single/0450_run_smoothing_mild.mp4,moderate,mild
1345,0450,run,adjacent_severity,smoothing,single/0450_run_smoothing_severe.mp4,single/0450_run_smoothing_moderate.mp4,severe,moderate
1346,0450,run,adjacent_severity,param_quantization,single/0450_run_param_quantization_moderate.mp4,single/0450_run_param_quantization_mild.mp4,moderate,mild
1347,0450,run,adjacent_severity,param_quantization,single/0450_run_param_quantization_severe.mp4,single/0450_run_param_quantization_moderate.mp4,severe,moderate
1348,0450,run,adjacent_severity,vertex_quantization,single/0450_run_vertex_quantization_moderate.mp4,single/0450_run_vertex_quantization_mild.mp4,moderate,mild
1349,0450,run,adjacent_severity,vertex_quantization,single/0450_run_vertex_quantization_moderate.mp4,single/0450_run_vertex_quantization_severe.mp4,moderate,severe
1350,0450,run,adjacent_severity,mesh_decimation,single/0450_run_mesh_decimation_mild.mp4,single/0450_run_mesh_decimation_moderate.mp4,mild,moderate
1351,0450,run,adjacent_severity,mesh_decimation,single/0450_run_mesh_decimation_severe.mp4,single/0450_run_mesh_decimation_moderate.mp4,severe,moderate
1352,0450,run,adjacent_severity,texture_compression,single/0450_run_texture_compression_mild.mp4,single/0450_run_texture_compression_moderate.mp4,mild,moderate
1353,0450,run,adjacent_severity,texture_compression,single/0450_run_texture_compression_moderate.mp4,single/0450_run_texture_compression_severe.mp4,moderate,severe
1354,0450,run,adjacent_severity,motion_blur,single/0450_run_motion_blur_moderate.mp4,single/0450_run_motion_blur_mild.mp4,moderate,mild
1355,0450,run,adjacent_severity,motion_blur,single/0450_run_motion_blur_severe.mp4,single/0450_run_motion_blur_moderate.mp4,severe,moderate
1356,0450,run,reference_vs_mixed,jitter+texture_compression,mixed/0450_run_jitter+texture_compression_mild+mild.mp4,single/0450_run_reference.mp4,mild+mild,reference
1357,0450,run,reference_vs_mixed,jitter+texture_compression,single/0450_run_reference.mp4,mixed/0450_run_jitter+texture_compression_severe+severe.mp4,reference,severe+severe
1358,0450,run,reference_vs_mixed,frame_drop+mesh_decimation,single/0450_run_reference.mp4,mixed/0450_run_frame_drop+mesh_decimation_mild+mild.mp4,reference,mild+mild
1359,0450,run,reference_vs_mixed,frame_drop+mesh_decimation,single/0450_run_reference.mp4,mixed/0450_run_frame_drop+mesh_decimation_severe+severe.mp4,reference,severe+severe
1360,0450,run,reference_vs_mixed,joint_noise+vertex_quantization,mixed/0450_run_joint_noise+vertex_quantization_mild+mild.mp4,single/0450_run_reference.mp4,mild+mild,reference
1361,0450,run,reference_vs_mixed,joint_noise+vertex_quantization,single/0450_run_reference.mp4,mixed/0450_run_joint_noise+vertex_quantization_severe+severe.mp4,reference,severe+severe
1362,0450,run,reference_vs_mixed,smoothing+texture_compression,mixed/0450_run_smoothing+texture_compression_mild+mild.mp4,single/0450_run_reference.mp4,mild+mild,reference
1363,0450,run,reference_vs_mixed,smoothing+texture_compression,mixed/0450_run_smoothing+texture_compression_severe+severe.mp4,single/0450_run_reference.mp4,severe+severe,reference
1364,0450,run,reference_vs_mixed,param_quantization+mesh_decimation,single/0450_run_reference.mp4,mixed/0450_run_param_quantization+mesh_decimation_mild+mild.mp4,reference,mild+mild
1365,0450,run,reference_vs_mixed,param_quantization+mesh_decimation,mixed/0450_run_param_quantization+mesh_decimation_severe+severe.mp4,single/0450_run_reference.mp4,severe+severe,reference
1366,0450,run,reference_vs_mixed,motion_blur+vertex_quantization,mixed/0450_run_motion_blur+vertex_quantization_mild+mild.mp4,single/0450_run_reference.mp4,mild+mild,reference
1367,0450,run,reference_vs_mixed,motion_blur+vertex_quantization,single/0450_run_reference.mp4,mixed/0450_run_motion_blur+vertex_quantization_severe+severe.mp4,reference,severe+severe
1368,0450,walk,reference_vs_distorted,jitter,single/0450_walk_reference.mp4,single/0450_walk_jitter_mild.mp4,reference,mild
1369,0450,walk,reference_vs_distorted,jitter,single/0450_walk_jitter_moderate.mp4,single/0450_walk_reference.mp4,moderate,reference
1370,0450,walk,reference_vs_distorted,jitter,single/0450_walk_reference.mp4,single/0450_walk_jitter_severe.mp4,reference,severe
1371,0450,walk,reference_vs_distorted,joint_noise,single/0450_walk_joint_noise_mild.mp4,single/0450_walk_reference.mp4,mild,reference
1372,0450,walk,reference_vs_distorted,joint_noise,single/0450_walk_reference.mp4,single/0450_walk_joint_noise_moderate.mp4,reference,moderate
1373,0450,walk,reference_vs_distorted,joint_noise,single/0450_walk_joint_noise_severe.mp4,single/0450_walk_reference.mp4,severe,reference
1374,0450,walk,reference_vs_distorted,frame_drop,single/0450_walk_frame_drop_mild.mp4,single/0450_walk_reference.mp4,mild,reference
1375,0450,walk,reference_vs_distorted,frame_drop,single/0450_walk_frame_drop_moderate.mp4,single/0450_walk_reference.mp4,moderate,reference
1376,0450,walk,reference_vs_distorted,frame_drop,single/0450_walk_reference.mp4,single/0450_walk_frame_drop_severe.mp4,reference,severe
1377,0450,walk,reference_vs_distorted,smoothing,single/0450_walk_smoothing_mild.mp4,single/0450_walk_reference.mp4,mild,reference
1378,0450,walk,reference_vs_distorted,smoothing,single/0450_walk_smoothing_moderate.mp4,single/0450_walk_reference.mp4,moderate,reference
1379,0450,walk,reference_vs_distorted,smoothing,single/0450_walk_smoothing_severe.mp4,single/0450_walk_reference.mp4,severe,reference
1380,0450,walk,reference_vs_distorted,param_quantization,single/0450_walk_param_quantization_mild.mp4,single/0450_walk_reference.mp4,mild,reference
1381,0450,walk,reference_vs_distorted,param_quantization,single/0450_walk_param_quantization_moderate.mp4,single/0450_walk_reference.mp4,moderate,reference
1382,0450,walk,reference_vs_distorted,param_quantization,single/0450_walk_param_quantization_severe.mp4,single/0450_walk_reference.mp4,severe,reference
1383,0450,walk,reference_vs_distorted,vertex_quantization,single/0450_walk_vertex_quantization_mild.mp4,single/0450_walk_reference.mp4,mild,reference
1384,0450,walk,reference_vs_distorted,vertex_quantization,single/0450_walk_reference.mp4,single/0450_walk_vertex_quantization_moderate.mp4,reference,moderate
1385,0450,walk,reference_vs_distorted,vertex_quantization,single/0450_walk_vertex_quantization_severe.mp4,single/0450_walk_reference.mp4,severe,reference
1386,0450,walk,reference_vs_distorted,mesh_decimation,single/0450_walk_reference.mp4,single/0450_walk_mesh_decimation_mild.mp4,reference,mild
1387,0450,walk,reference_vs_distorted,mesh_decimation,single/0450_walk_mesh_decimation_moderate.mp4,single/0450_walk_reference.mp4,moderate,reference
1388,0450,walk,reference_vs_distorted,mesh_decimation,single/0450_walk_reference.mp4,single/0450_walk_mesh_decimation_severe.mp4,reference,severe
1389,0450,walk,reference_vs_distorted,texture_compression,single/0450_walk_texture_compression_mild.mp4,single/0450_walk_reference.mp4,mild,reference
1390,0450,walk,reference_vs_distorted,texture_compression,single/0450_walk_reference.mp4,single/0450_walk_texture_compression_moderate.mp4,reference,moderate
1391,0450,walk,reference_vs_distorted,texture_compression,single/0450_walk_texture_compression_severe.mp4,single/0450_walk_reference.mp4,severe,reference
1392,0450,walk,reference_vs_distorted,motion_blur,single/0450_walk_reference.mp4,single/0450_walk_motion_blur_mild.mp4,reference,mild
1393,0450,walk,reference_vs_distorted,motion_blur,single/0450_walk_reference.mp4,single/0450_walk_motion_blur_moderate.mp4,reference,moderate
1394,0450,walk,reference_vs_distorted,motion_blur,single/0450_walk_reference.mp4,single/0450_walk_motion_blur_severe.mp4,reference,severe
1395,0450,walk,adjacent_severity,jitter,single/0450_walk_jitter_mild.mp4,single/0450_walk_jitter_moderate.mp4,mild,moderate
1396,0450,walk,adjacent_severity,jitter,single/0450_walk_jitter_moderate.mp4,single/0450_walk_jitter_severe.mp4,moderate,severe
1397,0450,walk,adjacent_severity,joint_noise,single/0450_walk_joint_noise_mild.mp4,single/0450_walk_joint_noise_moderate.mp4,mild,moderate
1398,0450,walk,adjacent_severity,joint_noise,single/0450_walk_joint_noise_moderate.mp4,single/0450_walk_joint_noise_severe.mp4,moderate,severe
1399,0450,walk,adjacent_severity,frame_drop,single/0450_walk_frame_drop_moderate.mp4,single/0450_walk_frame_drop_mild.mp4,moderate,mild
1400,0450,walk,adjacent_severity,frame_drop,single/0450_walk_frame_drop_moderate.mp4,single/0450_walk_frame_drop_severe.mp4,moderate,severe
1401,0450,walk,adjacent_severity,smoothing,single/0450_walk_smoothing_mild.mp4,single/0450_walk_smoothing_moderate.mp4,mild,moderate
1402,0450,walk,adjacent_severity,smoothing,single/0450_walk_smoothing_moderate.mp4,single/0450_walk_smoothing_severe.mp4,moderate,severe
1403,0450,walk,adjacent_severity,param_quantization,single/0450_walk_param_quantization_moderate.mp4,single/0450_walk_param_quantization_mild.mp4,moderate,mild
1404,0450,walk,adjacent_severity,param_quantization,single/0450_walk_param_quantization_severe.mp4,single/0450_walk_param_quantization_moderate.mp4,severe,moderate
1405,0450,walk,adjacent_severity,vertex_quantization,single/0450_walk_vertex_quantization_moderate.mp4,single/0450_walk_vertex_quantization_mild.mp4,moderate,mild
1406,0450,walk,adjacent_severity,vertex_quantization,single/0450_walk_vertex_quantization_moderate.mp4,single/0450_walk_vertex_quantization_severe.mp4,moderate,severe
1407,0450,walk,adjacent_severity,mesh_decimation,single/0450_walk_mesh_decimation_moderate.mp4,single/0450_walk_mesh_decimation_mild.mp4,moderate,mild
1408,0450,walk,adjacent_severity,mesh_decimation,single/0450_walk_mesh_decimation_moderate.mp4,single/0450_walk_mesh_decimation_severe.mp4,moderate,severe
1409,0450,walk,adjacent_severity,texture_compression,single/0450_walk_texture_compression_mild.mp4,single/0450_walk_texture_compression_moderate.mp4,mild,moderate
1410,0450,walk,adjacent_severity,texture_compression,single/0450_walk_texture_compression_moderate.mp4,single/0450_walk_texture_compression_severe.mp4,moderate,severe
1411,0450,walk,adjacent_severity,motion_blur,single/0450_walk_motion_blur_moderate.mp4,single/0450_walk_motion_blur_mild.mp4,moderate,mild
1412,0450,walk,adjacent_severity,motion_blur,single/0450_walk_motion_blur_severe.mp4,single/0450_walk_motion_blur_moderate.mp4,severe,moderate
1413,0450,walk,reference_vs_mixed,jitter+texture_compression,mixed/0450_walk_jitter+texture_compression_mild+mild.mp4,single/0450_walk_reference.mp4,mild+mild,reference
1414,0450,walk,reference_vs_mixed,jitter+texture_compression,single/0450_walk_reference.mp4,mixed/0450_walk_jitter+texture_compression_severe+severe.mp4,reference,severe+severe
1415,0450,walk,reference_vs_mixed,frame_drop+mesh_decimation,mixed/0450_walk_frame_drop+mesh_decimation_mild+mild.mp4,single/0450_walk_reference.mp4,mild+mild,reference
1416,0450,walk,reference_vs_mixed,frame_drop+mesh_decimation,single/0450_walk_reference.mp4,mixed/0450_walk_frame_drop+mesh_decimation_severe+severe.mp4,reference,severe+severe
1417,0450,walk,reference_vs_mixed,joint_noise+vertex_quantization,mixed/0450_walk_joint_noise+vertex_quantization_mild+mild.mp4,single/0450_walk_reference.mp4,mild+mild,reference
1418,0450,walk,reference_vs_mixed,joint_noise+vertex_quantization,single/0450_walk_reference.mp4,mixed/0450_walk_joint_noise+vertex_quantization_severe+severe.mp4,reference,severe+severe
1419,0450,walk,reference_vs_mixed,smoothing+texture_compression,mixed/0450_walk_smoothing+texture_compression_mild+mild.mp4,single/0450_walk_reference.mp4,mild+mild,reference
1420,0450,walk,reference_vs_mixed,smoothing+texture_compression,mixed/0450_walk_smoothing+texture_compression_severe+severe.mp4,single/0450_walk_reference.mp4,severe+severe,reference
1421,0450,walk,reference_vs_mixed,param_quantization+mesh_decimation,mixed/0450_walk_param_quantization+mesh_decimation_mild+mild.mp4,single/0450_walk_reference.mp4,mild+mild,reference
1422,0450,walk,reference_vs_mixed,param_quantization+mesh_decimation,single/0450_walk_reference.mp4,mixed/0450_walk_param_quantization+mesh_decimation_severe+severe.mp4,reference,severe+severe
1423,0450,walk,reference_vs_mixed,motion_blur+vertex_quantization,single/0450_walk_reference.mp4,mixed/0450_walk_motion_blur+vertex_quantization_mild+mild.mp4,reference,mild+mild
1424,0450,walk,reference_vs_mixed,motion_blur+vertex_quantization,mixed/0450_walk_motion_blur+vertex_quantization_severe+severe.mp4,single/0450_walk_reference.mp4,severe+severe,reference
1425,0500,bmlmovi_walk,reference_vs_distorted,jitter,single/0500_bmlmovi_walk_reference.mp4,single/0500_bmlmovi_walk_jitter_mild.mp4,reference,mild
1426,0500,bmlmovi_walk,reference_vs_distorted,jitter,single/0500_bmlmovi_walk_jitter_moderate.mp4,single/0500_bmlmovi_walk_reference.mp4,moderate,reference
1427,0500,bmlmovi_walk,reference_vs_distorted,jitter,single/0500_bmlmovi_walk_reference.mp4,single/0500_bmlmovi_walk_jitter_severe.mp4,reference,severe
1428,0500,bmlmovi_walk,reference_vs_distorted,joint_noise,single/0500_bmlmovi_walk_joint_noise_mild.mp4,single/0500_bmlmovi_walk_reference.mp4,mild,reference
1429,0500,bmlmovi_walk,reference_vs_distorted,joint_noise,single/0500_bmlmovi_walk_reference.mp4,single/0500_bmlmovi_walk_joint_noise_moderate.mp4,reference,moderate
1430,0500,bmlmovi_walk,reference_vs_distorted,joint_noise,single/0500_bmlmovi_walk_reference.mp4,single/0500_bmlmovi_walk_joint_noise_severe.mp4,reference,severe
1431,0500,bmlmovi_walk,reference_vs_distorted,frame_drop,single/0500_bmlmovi_walk_reference.mp4,single/0500_bmlmovi_walk_frame_drop_mild.mp4,reference,mild
1432,0500,bmlmovi_walk,reference_vs_distorted,frame_drop,single/0500_bmlmovi_walk_reference.mp4,single/0500_bmlmovi_walk_frame_drop_moderate.mp4,reference,moderate
1433,0500,bmlmovi_walk,reference_vs_distorted,frame_drop,single/0500_bmlmovi_walk_reference.mp4,single/0500_bmlmovi_walk_frame_drop_severe.mp4,reference,severe
1434,0500,bmlmovi_walk,reference_vs_distorted,smoothing,single/0500_bmlmovi_walk_reference.mp4,single/0500_bmlmovi_walk_smoothing_mild.mp4,reference,mild
1435,0500,bmlmovi_walk,reference_vs_distorted,smoothing,single/0500_bmlmovi_walk_smoothing_moderate.mp4,single/0500_bmlmovi_walk_reference.mp4,moderate,reference
1436,0500,bmlmovi_walk,reference_vs_distorted,smoothing,single/0500_bmlmovi_walk_reference.mp4,single/0500_bmlmovi_walk_smoothing_severe.mp4,reference,severe
1437,0500,bmlmovi_walk,reference_vs_distorted,param_quantization,single/0500_bmlmovi_walk_reference.mp4,single/0500_bmlmovi_walk_param_quantization_mild.mp4,reference,mild
1438,0500,bmlmovi_walk,reference_vs_distorted,param_quantization,single/0500_bmlmovi_walk_reference.mp4,single/0500_bmlmovi_walk_param_quantization_moderate.mp4,reference,moderate
1439,0500,bmlmovi_walk,reference_vs_distorted,param_quantization,single/0500_bmlmovi_walk_reference.mp4,single/0500_bmlmovi_walk_param_quantization_severe.mp4,reference,severe
1440,0500,bmlmovi_walk,reference_vs_distorted,vertex_quantization,single/0500_bmlmovi_walk_reference.mp4,single/0500_bmlmovi_walk_vertex_quantization_mild.mp4,reference,mild
1441,0500,bmlmovi_walk,reference_vs_distorted,vertex_quantization,single/0500_bmlmovi_walk_vertex_quantization_moderate.mp4,single/0500_bmlmovi_walk_reference.mp4,moderate,reference
1442,0500,bmlmovi_walk,reference_vs_distorted,vertex_quantization,single/0500_bmlmovi_walk_vertex_quantization_severe.mp4,single/0500_bmlmovi_walk_reference.mp4,severe,reference
1443,0500,bmlmovi_walk,reference_vs_distorted,mesh_decimation,single/0500_bmlmovi_walk_reference.mp4,single/0500_bmlmovi_walk_mesh_decimation_mild.mp4,reference,mild
1444,0500,bmlmovi_walk,reference_vs_distorted,mesh_decimation,single/0500_bmlmovi_walk_mesh_decimation_moderate.mp4,single/0500_bmlmovi_walk_reference.mp4,moderate,reference
1445,0500,bmlmovi_walk,reference_vs_distorted,mesh_decimation,single/0500_bmlmovi_walk_mesh_decimation_severe.mp4,single/0500_bmlmovi_walk_reference.mp4,severe,reference
1446,0500,bmlmovi_walk,reference_vs_distorted,texture_compression,single/0500_bmlmovi_walk_reference.mp4,single/0500_bmlmovi_walk_texture_compression_mild.mp4,reference,mild
1447,0500,bmlmovi_walk,reference_vs_distorted,texture_compression,single/0500_bmlmovi_walk_texture_compression_moderate.mp4,single/0500_bmlmovi_walk_reference.mp4,moderate,reference
1448,0500,bmlmovi_walk,reference_vs_distorted,texture_compression,single/0500_bmlmovi_walk_texture_compression_severe.mp4,single/0500_bmlmovi_walk_reference.mp4,severe,reference
1449,0500,bmlmovi_walk,reference_vs_distorted,motion_blur,single/0500_bmlmovi_walk_motion_blur_mild.mp4,single/0500_bmlmovi_walk_reference.mp4,mild,reference
1450,0500,bmlmovi_walk,reference_vs_distorted,motion_blur,single/0500_bmlmovi_walk_reference.mp4,single/0500_bmlmovi_walk_motion_blur_moderate.mp4,reference,moderate
1451,0500,bmlmovi_walk,reference_vs_distorted,motion_blur,single/0500_bmlmovi_walk_motion_blur_severe.mp4,single/0500_bmlmovi_walk_reference.mp4,severe,reference
1452,0500,bmlmovi_walk,adjacent_severity,jitter,single/0500_bmlmovi_walk_jitter_moderate.mp4,single/0500_bmlmovi_walk_jitter_mild.mp4,moderate,mild
1453,0500,bmlmovi_walk,adjacent_severity,jitter,single/0500_bmlmovi_walk_jitter_moderate.mp4,single/0500_bmlmovi_walk_jitter_severe.mp4,moderate,severe
1454,0500,bmlmovi_walk,adjacent_severity,joint_noise,single/0500_bmlmovi_walk_joint_noise_mild.mp4,single/0500_bmlmovi_walk_joint_noise_moderate.mp4,mild,moderate
1455,0500,bmlmovi_walk,adjacent_severity,joint_noise,single/0500_bmlmovi_walk_joint_noise_severe.mp4,single/0500_bmlmovi_walk_joint_noise_moderate.mp4,severe,moderate
1456,0500,bmlmovi_walk,adjacent_severity,frame_drop,single/0500_bmlmovi_walk_frame_drop_moderate.mp4,single/0500_bmlmovi_walk_frame_drop_mild.mp4,moderate,mild
1457,0500,bmlmovi_walk,adjacent_severity,frame_drop,single/0500_bmlmovi_walk_frame_drop_moderate.mp4,single/0500_bmlmovi_walk_frame_drop_severe.mp4,moderate,severe
1458,0500,bmlmovi_walk,adjacent_severity,smoothing,single/0500_bmlmovi_walk_smoothing_mild.mp4,single/0500_bmlmovi_walk_smoothing_moderate.mp4,mild,moderate
1459,0500,bmlmovi_walk,adjacent_severity,smoothing,single/0500_bmlmovi_walk_smoothing_moderate.mp4,single/0500_bmlmovi_walk_smoothing_severe.mp4,moderate,severe
1460,0500,bmlmovi_walk,adjacent_severity,param_quantization,single/0500_bmlmovi_walk_param_quantization_mild.mp4,single/0500_bmlmovi_walk_param_quantization_moderate.mp4,mild,moderate
1461,0500,bmlmovi_walk,adjacent_severity,param_quantization,single/0500_bmlmovi_walk_param_quantization_severe.mp4,single/0500_bmlmovi_walk_param_quantization_moderate.mp4,severe,moderate
1462,0500,bmlmovi_walk,adjacent_severity,vertex_quantization,single/0500_bmlmovi_walk_vertex_quantization_mild.mp4,single/0500_bmlmovi_walk_vertex_quantization_moderate.mp4,mild,moderate
1463,0500,bmlmovi_walk,adjacent_severity,vertex_quantization,single/0500_bmlmovi_walk_vertex_quantization_moderate.mp4,single/0500_bmlmovi_walk_vertex_quantization_severe.mp4,moderate,severe
1464,0500,bmlmovi_walk,adjacent_severity,mesh_decimation,single/0500_bmlmovi_walk_mesh_decimation_moderate.mp4,single/0500_bmlmovi_walk_mesh_decimation_mild.mp4,moderate,mild
1465,0500,bmlmovi_walk,adjacent_severity,mesh_decimation,single/0500_bmlmovi_walk_mesh_decimation_severe.mp4,single/0500_bmlmovi_walk_mesh_decimation_moderate.mp4,severe,moderate
1466,0500,bmlmovi_walk,adjacent_severity,texture_compression,single/0500_bmlmovi_walk_texture_compression_mild.mp4,single/0500_bmlmovi_walk_texture_compression_moderate.mp4,mild,moderate
1467,0500,bmlmovi_walk,adjacent_severity,texture_compression,single/0500_bmlmovi_walk_texture_compression_severe.mp4,single/0500_bmlmovi_walk_texture_compression_moderate.mp4,severe,moderate
1468,0500,bmlmovi_walk,adjacent_severity,motion_blur,single/0500_bmlmovi_walk_motion_blur_moderate.mp4,single/0500_bmlmovi_walk_motion_blur_mild.mp4,moderate,mild
1469,0500,bmlmovi_walk,adjacent_severity,motion_blur,single/0500_bmlmovi_walk_motion_blur_severe.mp4,single/0500_bmlmovi_walk_motion_blur_moderate.mp4,severe,moderate
1470,0500,bmlmovi_walk,reference_vs_mixed,jitter+texture_compression,mixed/0500_bmlmovi_walk_jitter+texture_compression_mild+mild.mp4,single/0500_bmlmovi_walk_reference.mp4,mild+mild,reference
1471,0500,bmlmovi_walk,reference_vs_mixed,jitter+texture_compression,mixed/0500_bmlmovi_walk_jitter+texture_compression_severe+severe.mp4,single/0500_bmlmovi_walk_reference.mp4,severe+severe,reference
1472,0500,bmlmovi_walk,reference_vs_mixed,frame_drop+mesh_decimation,mixed/0500_bmlmovi_walk_frame_drop+mesh_decimation_mild+mild.mp4,single/0500_bmlmovi_walk_reference.mp4,mild+mild,reference
1473,0500,bmlmovi_walk,reference_vs_mixed,frame_drop+mesh_decimation,mixed/0500_bmlmovi_walk_frame_drop+mesh_decimation_severe+severe.mp4,single/0500_bmlmovi_walk_reference.mp4,severe+severe,reference
1474,0500,bmlmovi_walk,reference_vs_mixed,joint_noise+vertex_quantization,single/0500_bmlmovi_walk_reference.mp4,mixed/0500_bmlmovi_walk_joint_noise+vertex_quantization_mild+mild.mp4,reference,mild+mild
1475,0500,bmlmovi_walk,reference_vs_mixed,joint_noise+vertex_quantization,mixed/0500_bmlmovi_walk_joint_noise+vertex_quantization_severe+severe.mp4,single/0500_bmlmovi_walk_reference.mp4,severe+severe,reference
1476,0500,bmlmovi_walk,reference_vs_mixed,smoothing+texture_compression,mixed/0500_bmlmovi_walk_smoothing+texture_compression_mild+mild.mp4,single/0500_bmlmovi_walk_reference.mp4,mild+mild,reference
1477,0500,bmlmovi_walk,reference_vs_mixed,smoothing+texture_compression,mixed/0500_bmlmovi_walk_smoothing+texture_compression_severe+severe.mp4,single/0500_bmlmovi_walk_reference.mp4,severe+severe,reference
1478,0500,bmlmovi_walk,reference_vs_mixed,param_quantization+mesh_decimation,single/0500_bmlmovi_walk_reference.mp4,mixed/0500_bmlmovi_walk_param_quantization+mesh_decimation_mild+mild.mp4,reference,mild+mild
1479,0500,bmlmovi_walk,reference_vs_mixed,param_quantization+mesh_decimation,mixed/0500_bmlmovi_walk_param_quantization+mesh_decimation_severe+severe.mp4,single/0500_bmlmovi_walk_reference.mp4,severe+severe,reference
1480,0500,bmlmovi_walk,reference_vs_mixed,motion_blur+vertex_quantization,mixed/0500_bmlmovi_walk_motion_blur+vertex_quantization_mild+mild.mp4,single/0500_bmlmovi_walk_reference.mp4,mild+mild,reference
1481,0500,bmlmovi_walk,reference_vs_mixed,motion_blur+vertex_quantization,single/0500_bmlmovi_walk_reference.mp4,mixed/0500_bmlmovi_walk_motion_blur+vertex_quantization_severe+severe.mp4,reference,severe+severe
1482,0500,front_kick,reference_vs_distorted,jitter,single/0500_front_kick_reference.mp4,single/0500_front_kick_jitter_mild.mp4,reference,mild
1483,0500,front_kick,reference_vs_distorted,jitter,single/0500_front_kick_reference.mp4,single/0500_front_kick_jitter_moderate.mp4,reference,moderate
1484,0500,front_kick,reference_vs_distorted,jitter,single/0500_front_kick_reference.mp4,single/0500_front_kick_jitter_severe.mp4,reference,severe
1485,0500,front_kick,reference_vs_distorted,joint_noise,single/0500_front_kick_reference.mp4,single/0500_front_kick_joint_noise_mild.mp4,reference,mild
1486,0500,front_kick,reference_vs_distorted,joint_noise,single/0500_front_kick_reference.mp4,single/0500_front_kick_joint_noise_moderate.mp4,reference,moderate
1487,0500,front_kick,reference_vs_distorted,joint_noise,single/0500_front_kick_reference.mp4,single/0500_front_kick_joint_noise_severe.mp4,reference,severe
1488,0500,front_kick,reference_vs_distorted,frame_drop,single/0500_front_kick_reference.mp4,single/0500_front_kick_frame_drop_mild.mp4,reference,mild
1489,0500,front_kick,reference_vs_distorted,frame_drop,single/0500_front_kick_reference.mp4,single/0500_front_kick_frame_drop_moderate.mp4,reference,moderate
1490,0500,front_kick,reference_vs_distorted,frame_drop,single/0500_front_kick_frame_drop_severe.mp4,single/0500_front_kick_reference.mp4,severe,reference
1491,0500,front_kick,reference_vs_distorted,smoothing,single/0500_front_kick_smoothing_mild.mp4,single/0500_front_kick_reference.mp4,mild,reference
1492,0500,front_kick,reference_vs_distorted,smoothing,single/0500_front_kick_reference.mp4,single/0500_front_kick_smoothing_moderate.mp4,reference,moderate
1493,0500,front_kick,reference_vs_distorted,smoothing,single/0500_front_kick_smoothing_severe.mp4,single/0500_front_kick_reference.mp4,severe,reference
1494,0500,front_kick,reference_vs_distorted,param_quantization,single/0500_front_kick_reference.mp4,single/0500_front_kick_param_quantization_mild.mp4,reference,mild
1495,0500,front_kick,reference_vs_distorted,param_quantization,single/0500_front_kick_param_quantization_moderate.mp4,single/0500_front_kick_reference.mp4,moderate,reference
1496,0500,front_kick,reference_vs_distorted,param_quantization,single/0500_front_kick_param_quantization_severe.mp4,single/0500_front_kick_reference.mp4,severe,reference
1497,0500,front_kick,reference_vs_distorted,vertex_quantization,single/0500_front_kick_vertex_quantization_mild.mp4,single/0500_front_kick_reference.mp4,mild,reference
1498,0500,front_kick,reference_vs_distorted,vertex_quantization,single/0500_front_kick_reference.mp4,single/0500_front_kick_vertex_quantization_moderate.mp4,reference,moderate
1499,0500,front_kick,reference_vs_distorted,vertex_quantization,single/0500_front_kick_reference.mp4,single/0500_front_kick_vertex_quantization_severe.mp4,reference,severe
1500,0500,front_kick,reference_vs_distorted,mesh_decimation,single/0500_front_kick_mesh_decimation_mild.mp4,single/0500_front_kick_reference.mp4,mild,reference
1501,0500,front_kick,reference_vs_distorted,mesh_decimation,single/0500_front_kick_reference.mp4,single/0500_front_kick_mesh_decimation_moderate.mp4,reference,moderate
1502,0500,front_kick,reference_vs_distorted,mesh_decimation,single/0500_front_kick_mesh_decimation_severe.mp4,single/0500_front_kick_reference.mp4,severe,reference
1503,0500,front_kick,reference_vs_distorted,texture_compression,single/0500_front_kick_texture_compression_mild.mp4,single/0500_front_kick_reference.mp4,mild,reference
1504,0500,front_kick,reference_vs_distorted,texture_compression,single/0500_front_kick_reference.mp4,single/0500_front_kick_texture_compression_moderate.mp4,reference,moderate
1505,0500,front_kick,reference_vs_distorted,texture_compression,single/0500_front_kick_texture_compression_severe.mp4,single/0500_front_kick_reference.mp4,severe,reference
1506,0500,front_kick,reference_vs_distorted,motion_blur,single/0500_front_kick_motion_blur_mild.mp4,single/0500_front_kick_reference.mp4,mild,reference
1507,0500,front_kick,reference_vs_distorted,motion_blur,single/0500_front_kick_motion_blur_moderate.mp4,single/0500_front_kick_reference.mp4,moderate,reference
1508,0500,front_kick,reference_vs_distorted,motion_blur,single/0500_front_kick_reference.mp4,single/0500_front_kick_motion_blur_severe.mp4,reference,severe
1509,0500,front_kick,adjacent_severity,jitter,single/0500_front_kick_jitter_moderate.mp4,single/0500_front_kick_jitter_mild.mp4,moderate,mild
1510,0500,front_kick,adjacent_severity,jitter,single/0500_front_kick_jitter_severe.mp4,single/0500_front_kick_jitter_moderate.mp4,severe,moderate
1511,0500,front_kick,adjacent_severity,joint_noise,single/0500_front_kick_joint_noise_mild.mp4,single/0500_front_kick_joint_noise_moderate.mp4,mild,moderate
1512,0500,front_kick,adjacent_severity,joint_noise,single/0500_front_kick_joint_noise_severe.mp4,single/0500_front_kick_joint_noise_moderate.mp4,severe,moderate
1513,0500,front_kick,adjacent_severity,frame_drop,single/0500_front_kick_frame_drop_mild.mp4,single/0500_front_kick_frame_drop_moderate.mp4,mild,moderate
1514,0500,front_kick,adjacent_severity,frame_drop,single/0500_front_kick_frame_drop_severe.mp4,single/0500_front_kick_frame_drop_moderate.mp4,severe,moderate
1515,0500,front_kick,adjacent_severity,smoothing,single/0500_front_kick_smoothing_moderate.mp4,single/0500_front_kick_smoothing_mild.mp4,moderate,mild
1516,0500,front_kick,adjacent_severity,smoothing,single/0500_front_kick_smoothing_moderate.mp4,single/0500_front_kick_smoothing_severe.mp4,moderate,severe
1517,0500,front_kick,adjacent_severity,param_quantization,single/0500_front_kick_param_quantization_moderate.mp4,single/0500_front_kick_param_quantization_mild.mp4,moderate,mild
1518,0500,front_kick,adjacent_severity,param_quantization,single/0500_front_kick_param_quantization_moderate.mp4,single/0500_front_kick_param_quantization_severe.mp4,moderate,severe
1519,0500,front_kick,adjacent_severity,vertex_quantization,single/0500_front_kick_vertex_quantization_mild.mp4,single/0500_front_kick_vertex_quantization_moderate.mp4,mild,moderate
1520,0500,front_kick,adjacent_severity,vertex_quantization,single/0500_front_kick_vertex_quantization_severe.mp4,single/0500_front_kick_vertex_quantization_moderate.mp4,severe,moderate
1521,0500,front_kick,adjacent_severity,mesh_decimation,single/0500_front_kick_mesh_decimation_moderate.mp4,single/0500_front_kick_mesh_decimation_mild.mp4,moderate,mild
1522,0500,front_kick,adjacent_severity,mesh_decimation,single/0500_front_kick_mesh_decimation_moderate.mp4,single/0500_front_kick_mesh_decimation_severe.mp4,moderate,severe
1523,0500,front_kick,adjacent_severity,texture_compression,single/0500_front_kick_texture_compression_mild.mp4,single/0500_front_kick_texture_compression_moderate.mp4,mild,moderate
1524,0500,front_kick,adjacent_severity,texture_compression,single/0500_front_kick_texture_compression_moderate.mp4,single/0500_front_kick_texture_compression_severe.mp4,moderate,severe
1525,0500,front_kick,adjacent_severity,motion_blur,single/0500_front_kick_motion_blur_moderate.mp4,single/0500_front_kick_motion_blur_mild.mp4,moderate,mild
1526,0500,front_kick,adjacent_severity,motion_blur,single/0500_front_kick_motion_blur_severe.mp4,single/0500_front_kick_motion_blur_moderate.mp4,severe,moderate
1527,0500,front_kick,reference_vs_mixed,jitter+texture_compression,single/0500_front_kick_reference.mp4,mixed/0500_front_kick_jitter+texture_compression_mild+mild.mp4,reference,mild+mild
1528,0500,front_kick,reference_vs_mixed,jitter+texture_compression,mixed/0500_front_kick_jitter+texture_compression_severe+severe.mp4,single/0500_front_kick_reference.mp4,severe+severe,reference
1529,0500,front_kick,reference_vs_mixed,frame_drop+mesh_decimation,single/0500_front_kick_reference.mp4,mixed/0500_front_kick_frame_drop+mesh_decimation_mild+mild.mp4,reference,mild+mild
1530,0500,front_kick,reference_vs_mixed,frame_drop+mesh_decimation,mixed/0500_front_kick_frame_drop+mesh_decimation_severe+severe.mp4,single/0500_front_kick_reference.mp4,severe+severe,reference
1531,0500,front_kick,reference_vs_mixed,joint_noise+vertex_quantization,single/0500_front_kick_reference.mp4,mixed/0500_front_kick_joint_noise+vertex_quantization_mild+mild.mp4,reference,mild+mild
1532,0500,front_kick,reference_vs_mixed,joint_noise+vertex_quantization,mixed/0500_front_kick_joint_noise+vertex_quantization_severe+severe.mp4,single/0500_front_kick_reference.mp4,severe+severe,reference
1533,0500,front_kick,reference_vs_mixed,smoothing+texture_compression,mixed/0500_front_kick_smoothing+texture_compression_mild+mild.mp4,single/0500_front_kick_reference.mp4,mild+mild,reference
1534,0500,front_kick,reference_vs_mixed,smoothing+texture_compression,mixed/0500_front_kick_smoothing+texture_compression_severe+severe.mp4,single/0500_front_kick_reference.mp4,severe+severe,reference
1535,0500,front_kick,reference_vs_mixed,param_quantization+mesh_decimation,mixed/0500_front_kick_param_quantization+mesh_decimation_mild+mild.mp4,single/0500_front_kick_reference.mp4,mild+mild,reference
1536,0500,front_kick,reference_vs_mixed,param_quantization+mesh_decimation,single/0500_front_kick_reference.mp4,mixed/0500_front_kick_param_quantization+mesh_decimation_severe+severe.mp4,reference,severe+severe
1537,0500,front_kick,reference_vs_mixed,motion_blur+vertex_quantization,single/0500_front_kick_reference.mp4,mixed/0500_front_kick_motion_blur+vertex_quantization_mild+mild.mp4,reference,mild+mild
1538,0500,front_kick,reference_vs_mixed,motion_blur+vertex_quantization,single/0500_front_kick_reference.mp4,mixed/0500_front_kick_motion_blur+vertex_quantization_severe+severe.mp4,reference,severe+severe
1539,0500,pickup_box,reference_vs_distorted,jitter,single/0500_pickup_box_jitter_mild.mp4,single/0500_pickup_box_reference.mp4,mild,reference
1540,0500,pickup_box,reference_vs_distorted,jitter,single/0500_pickup_box_jitter_moderate.mp4,single/0500_pickup_box_reference.mp4,moderate,reference
1541,0500,pickup_box,reference_vs_distorted,jitter,single/0500_pickup_box_jitter_severe.mp4,single/0500_pickup_box_reference.mp4,severe,reference
1542,0500,pickup_box,reference_vs_distorted,joint_noise,single/0500_pickup_box_reference.mp4,single/0500_pickup_box_joint_noise_mild.mp4,reference,mild
1543,0500,pickup_box,reference_vs_distorted,joint_noise,single/0500_pickup_box_joint_noise_moderate.mp4,single/0500_pickup_box_reference.mp4,moderate,reference
1544,0500,pickup_box,reference_vs_distorted,joint_noise,single/0500_pickup_box_joint_noise_severe.mp4,single/0500_pickup_box_reference.mp4,severe,reference
1545,0500,pickup_box,reference_vs_distorted,frame_drop,single/0500_pickup_box_frame_drop_mild.mp4,single/0500_pickup_box_reference.mp4,mild,reference
1546,0500,pickup_box,reference_vs_distorted,frame_drop,single/0500_pickup_box_reference.mp4,single/0500_pickup_box_frame_drop_moderate.mp4,reference,moderate
1547,0500,pickup_box,reference_vs_distorted,frame_drop,single/0500_pickup_box_reference.mp4,single/0500_pickup_box_frame_drop_severe.mp4,reference,severe
1548,0500,pickup_box,reference_vs_distorted,smoothing,single/0500_pickup_box_reference.mp4,single/0500_pickup_box_smoothing_mild.mp4,reference,mild
1549,0500,pickup_box,reference_vs_distorted,smoothing,single/0500_pickup_box_reference.mp4,single/0500_pickup_box_smoothing_moderate.mp4,reference,moderate
1550,0500,pickup_box,reference_vs_distorted,smoothing,single/0500_pickup_box_smoothing_severe.mp4,single/0500_pickup_box_reference.mp4,severe,reference
1551,0500,pickup_box,reference_vs_distorted,param_quantization,single/0500_pickup_box_param_quantization_mild.mp4,single/0500_pickup_box_reference.mp4,mild,reference
1552,0500,pickup_box,reference_vs_distorted,param_quantization,single/0500_pickup_box_param_quantization_moderate.mp4,single/0500_pickup_box_reference.mp4,moderate,reference
1553,0500,pickup_box,reference_vs_distorted,param_quantization,single/0500_pickup_box_param_quantization_severe.mp4,single/0500_pickup_box_reference.mp4,severe,reference
1554,0500,pickup_box,reference_vs_distorted,vertex_quantization,single/0500_pickup_box_vertex_quantization_mild.mp4,single/0500_pickup_box_reference.mp4,mild,reference
1555,0500,pickup_box,reference_vs_distorted,vertex_quantization,single/0500_pickup_box_vertex_quantization_moderate.mp4,single/0500_pickup_box_reference.mp4,moderate,reference
1556,0500,pickup_box,reference_vs_distorted,vertex_quantization,single/0500_pickup_box_vertex_quantization_severe.mp4,single/0500_pickup_box_reference.mp4,severe,reference
1557,0500,pickup_box,reference_vs_distorted,mesh_decimation,single/0500_pickup_box_mesh_decimation_mild.mp4,single/0500_pickup_box_reference.mp4,mild,reference
1558,0500,pickup_box,reference_vs_distorted,mesh_decimation,single/0500_pickup_box_mesh_decimation_moderate.mp4,single/0500_pickup_box_reference.mp4,moderate,reference
1559,0500,pickup_box,reference_vs_distorted,mesh_decimation,single/0500_pickup_box_mesh_decimation_severe.mp4,single/0500_pickup_box_reference.mp4,severe,reference
1560,0500,pickup_box,reference_vs_distorted,texture_compression,single/0500_pickup_box_texture_compression_mild.mp4,single/0500_pickup_box_reference.mp4,mild,reference
1561,0500,pickup_box,reference_vs_distorted,texture_compression,single/0500_pickup_box_reference.mp4,single/0500_pickup_box_texture_compression_moderate.mp4,reference,moderate
1562,0500,pickup_box,reference_vs_distorted,texture_compression,single/0500_pickup_box_texture_compression_severe.mp4,single/0500_pickup_box_reference.mp4,severe,reference
1563,0500,pickup_box,reference_vs_distorted,motion_blur,single/0500_pickup_box_reference.mp4,single/0500_pickup_box_motion_blur_mild.mp4,reference,mild
1564,0500,pickup_box,reference_vs_distorted,motion_blur,single/0500_pickup_box_motion_blur_moderate.mp4,single/0500_pickup_box_reference.mp4,moderate,reference
1565,0500,pickup_box,reference_vs_distorted,motion_blur,single/0500_pickup_box_reference.mp4,single/0500_pickup_box_motion_blur_severe.mp4,reference,severe
1566,0500,pickup_box,adjacent_severity,jitter,single/0500_pickup_box_jitter_mild.mp4,single/0500_pickup_box_jitter_moderate.mp4,mild,moderate
1567,0500,pickup_box,adjacent_severity,jitter,single/0500_pickup_box_jitter_moderate.mp4,single/0500_pickup_box_jitter_severe.mp4,moderate,severe
1568,0500,pickup_box,adjacent_severity,joint_noise,single/0500_pickup_box_joint_noise_moderate.mp4,single/0500_pickup_box_joint_noise_mild.mp4,moderate,mild
1569,0500,pickup_box,adjacent_severity,joint_noise,single/0500_pickup_box_joint_noise_severe.mp4,single/0500_pickup_box_joint_noise_moderate.mp4,severe,moderate
1570,0500,pickup_box,adjacent_severity,frame_drop,single/0500_pickup_box_frame_drop_moderate.mp4,single/0500_pickup_box_frame_drop_mild.mp4,moderate,mild
1571,0500,pickup_box,adjacent_severity,frame_drop,single/0500_pickup_box_frame_drop_moderate.mp4,single/0500_pickup_box_frame_drop_severe.mp4,moderate,severe
1572,0500,pickup_box,adjacent_severity,smoothing,single/0500_pickup_box_smoothing_moderate.mp4,single/0500_pickup_box_smoothing_mild.mp4,moderate,mild
1573,0500,pickup_box,adjacent_severity,smoothing,single/0500_pickup_box_smoothing_severe.mp4,single/0500_pickup_box_smoothing_moderate.mp4,severe,moderate
1574,0500,pickup_box,adjacent_severity,param_quantization,single/0500_pickup_box_param_quantization_moderate.mp4,single/0500_pickup_box_param_quantization_mild.mp4,moderate,mild
1575,0500,pickup_box,adjacent_severity,param_quantization,single/0500_pickup_box_param_quantization_moderate.mp4,single/0500_pickup_box_param_quantization_severe.mp4,moderate,severe
1576,0500,pickup_box,adjacent_severity,vertex_quantization,single/0500_pickup_box_vertex_quantization_mild.mp4,single/0500_pickup_box_vertex_quantization_moderate.mp4,mild,moderate
1577,0500,pickup_box,adjacent_severity,vertex_quantization,single/0500_pickup_box_vertex_quantization_moderate.mp4,single/0500_pickup_box_vertex_quantization_severe.mp4,moderate,severe
1578,0500,pickup_box,adjacent_severity,mesh_decimation,single/0500_pickup_box_mesh_decimation_mild.mp4,single/0500_pickup_box_mesh_decimation_moderate.mp4,mild,moderate
1579,0500,pickup_box,adjacent_severity,mesh_decimation,single/0500_pickup_box_mesh_decimation_moderate.mp4,single/0500_pickup_box_mesh_decimation_severe.mp4,moderate,severe
1580,0500,pickup_box,adjacent_severity,texture_compression,single/0500_pickup_box_texture_compression_moderate.mp4,single/0500_pickup_box_texture_compression_mild.mp4,moderate,mild
1581,0500,pickup_box,adjacent_severity,texture_compression,single/0500_pickup_box_texture_compression_severe.mp4,single/0500_pickup_box_texture_compression_moderate.mp4,severe,moderate
1582,0500,pickup_box,adjacent_severity,motion_blur,single/0500_pickup_box_motion_blur_mild.mp4,single/0500_pickup_box_motion_blur_moderate.mp4,mild,moderate
1583,0500,pickup_box,adjacent_severity,motion_blur,single/0500_pickup_box_motion_blur_severe.mp4,single/0500_pickup_box_motion_blur_moderate.mp4,severe,moderate
1584,0500,pickup_box,reference_vs_mixed,jitter+texture_compression,single/0500_pickup_box_reference.mp4,mixed/0500_pickup_box_jitter+texture_compression_mild+mild.mp4,reference,mild+mild
1585,0500,pickup_box,reference_vs_mixed,jitter+texture_compression,single/0500_pickup_box_reference.mp4,mixed/0500_pickup_box_jitter+texture_compression_severe+severe.mp4,reference,severe+severe
1586,0500,pickup_box,reference_vs_mixed,frame_drop+mesh_decimation,mixed/0500_pickup_box_frame_drop+mesh_decimation_mild+mild.mp4,single/0500_pickup_box_reference.mp4,mild+mild,reference
1587,0500,pickup_box,reference_vs_mixed,frame_drop+mesh_decimation,mixed/0500_pickup_box_frame_drop+mesh_decimation_severe+severe.mp4,single/0500_pickup_box_reference.mp4,severe+severe,reference
1588,0500,pickup_box,reference_vs_mixed,joint_noise+vertex_quantization,mixed/0500_pickup_box_joint_noise+vertex_quantization_mild+mild.mp4,single/0500_pickup_box_reference.mp4,mild+mild,reference
1589,0500,pickup_box,reference_vs_mixed,joint_noise+vertex_quantization,single/0500_pickup_box_reference.mp4,mixed/0500_pickup_box_joint_noise+vertex_quantization_severe+severe.mp4,reference,severe+severe
1590,0500,pickup_box,reference_vs_mixed,smoothing+texture_compression,single/0500_pickup_box_reference.mp4,mixed/0500_pickup_box_smoothing+texture_compression_mild+mild.mp4,reference,mild+mild
1591,0500,pickup_box,reference_vs_mixed,smoothing+texture_compression,single/0500_pickup_box_reference.mp4,mixed/0500_pickup_box_smoothing+texture_compression_severe+severe.mp4,reference,severe+severe
1592,0500,pickup_box,reference_vs_mixed,param_quantization+mesh_decimation,mixed/0500_pickup_box_param_quantization+mesh_decimation_mild+mild.mp4,single/0500_pickup_box_reference.mp4,mild+mild,reference
1593,0500,pickup_box,reference_vs_mixed,param_quantization+mesh_decimation,mixed/0500_pickup_box_param_quantization+mesh_decimation_severe+severe.mp4,single/0500_pickup_box_reference.mp4,severe+severe,reference
1594,0500,pickup_box,reference_vs_mixed,motion_blur+vertex_quantization,mixed/0500_pickup_box_motion_blur+vertex_quantization_mild+mild.mp4,single/0500_pickup_box_reference.mp4,mild+mild,reference
1595,0500,pickup_box,reference_vs_mixed,motion_blur+vertex_quantization,single/0500_pickup_box_reference.mp4,mixed/0500_pickup_box_motion_blur+vertex_quantization_severe+severe.mp4,reference,severe+severe
1596,0500,run,reference_vs_distorted,jitter,single/0500_run_reference.mp4,single/0500_run_jitter_mild.mp4,reference,mild
1597,0500,run,reference_vs_distorted,jitter,single/0500_run_reference.mp4,single/0500_run_jitter_moderate.mp4,reference,moderate
1598,0500,run,reference_vs_distorted,jitter,single/0500_run_jitter_severe.mp4,single/0500_run_reference.mp4,severe,reference
1599,0500,run,reference_vs_distorted,joint_noise,single/0500_run_reference.mp4,single/0500_run_joint_noise_mild.mp4,reference,mild
1600,0500,run,reference_vs_distorted,joint_noise,single/0500_run_reference.mp4,single/0500_run_joint_noise_moderate.mp4,reference,moderate
1601,0500,run,reference_vs_distorted,joint_noise,single/0500_run_reference.mp4,single/0500_run_joint_noise_severe.mp4,reference,severe
1602,0500,run,reference_vs_distorted,frame_drop,single/0500_run_reference.mp4,single/0500_run_frame_drop_mild.mp4,reference,mild
1603,0500,run,reference_vs_distorted,frame_drop,single/0500_run_frame_drop_moderate.mp4,single/0500_run_reference.mp4,moderate,reference
1604,0500,run,reference_vs_distorted,frame_drop,single/0500_run_reference.mp4,single/0500_run_frame_drop_severe.mp4,reference,severe
1605,0500,run,reference_vs_distorted,smoothing,single/0500_run_smoothing_mild.mp4,single/0500_run_reference.mp4,mild,reference
1606,0500,run,reference_vs_distorted,smoothing,single/0500_run_reference.mp4,single/0500_run_smoothing_moderate.mp4,reference,moderate
1607,0500,run,reference_vs_distorted,smoothing,single/0500_run_smoothing_severe.mp4,single/0500_run_reference.mp4,severe,reference
1608,0500,run,reference_vs_distorted,param_quantization,single/0500_run_reference.mp4,single/0500_run_param_quantization_mild.mp4,reference,mild
1609,0500,run,reference_vs_distorted,param_quantization,single/0500_run_reference.mp4,single/0500_run_param_quantization_moderate.mp4,reference,moderate
1610,0500,run,reference_vs_distorted,param_quantization,single/0500_run_param_quantization_severe.mp4,single/0500_run_reference.mp4,severe,reference
1611,0500,run,reference_vs_distorted,vertex_quantization,single/0500_run_reference.mp4,single/0500_run_vertex_quantization_mild.mp4,reference,mild
1612,0500,run,reference_vs_distorted,vertex_quantization,single/0500_run_vertex_quantization_moderate.mp4,single/0500_run_reference.mp4,moderate,reference
1613,0500,run,reference_vs_distorted,vertex_quantization,single/0500_run_reference.mp4,single/0500_run_vertex_quantization_severe.mp4,reference,severe
1614,0500,run,reference_vs_distorted,mesh_decimation,single/0500_run_reference.mp4,single/0500_run_mesh_decimation_mild.mp4,reference,mild
1615,0500,run,reference_vs_distorted,mesh_decimation,single/0500_run_mesh_decimation_moderate.mp4,single/0500_run_reference.mp4,moderate,reference
1616,0500,run,reference_vs_distorted,mesh_decimation,single/0500_run_mesh_decimation_severe.mp4,single/0500_run_reference.mp4,severe,reference
1617,0500,run,reference_vs_distorted,texture_compression,single/0500_run_texture_compression_mild.mp4,single/0500_run_reference.mp4,mild,reference
1618,0500,run,reference_vs_distorted,texture_compression,single/0500_run_texture_compression_moderate.mp4,single/0500_run_reference.mp4,moderate,reference
1619,0500,run,reference_vs_distorted,texture_compression,single/0500_run_reference.mp4,single/0500_run_texture_compression_severe.mp4,reference,severe
1620,0500,run,reference_vs_distorted,motion_blur,single/0500_run_motion_blur_mild.mp4,single/0500_run_reference.mp4,mild,reference
1621,0500,run,reference_vs_distorted,motion_blur,single/0500_run_motion_blur_moderate.mp4,single/0500_run_reference.mp4,moderate,reference
1622,0500,run,reference_vs_distorted,motion_blur,single/0500_run_reference.mp4,single/0500_run_motion_blur_severe.mp4,reference,severe
1623,0500,run,adjacent_severity,jitter,single/0500_run_jitter_moderate.mp4,single/0500_run_jitter_mild.mp4,moderate,mild
1624,0500,run,adjacent_severity,jitter,single/0500_run_jitter_moderate.mp4,single/0500_run_jitter_severe.mp4,moderate,severe
1625,0500,run,adjacent_severity,joint_noise,single/0500_run_joint_noise_moderate.mp4,single/0500_run_joint_noise_mild.mp4,moderate,mild
1626,0500,run,adjacent_severity,joint_noise,single/0500_run_joint_noise_severe.mp4,single/0500_run_joint_noise_moderate.mp4,severe,moderate
1627,0500,run,adjacent_severity,frame_drop,single/0500_run_frame_drop_mild.mp4,single/0500_run_frame_drop_moderate.mp4,mild,moderate
1628,0500,run,adjacent_severity,frame_drop,single/0500_run_frame_drop_moderate.mp4,single/0500_run_frame_drop_severe.mp4,moderate,severe
1629,0500,run,adjacent_severity,smoothing,single/0500_run_smoothing_moderate.mp4,single/0500_run_smoothing_mild.mp4,moderate,mild
1630,0500,run,adjacent_severity,smoothing,single/0500_run_smoothing_severe.mp4,single/0500_run_smoothing_moderate.mp4,severe,moderate
1631,0500,run,adjacent_severity,param_quantization,single/0500_run_param_quantization_mild.mp4,single/0500_run_param_quantization_moderate.mp4,mild,moderate
1632,0500,run,adjacent_severity,param_quantization,single/0500_run_param_quantization_moderate.mp4,single/0500_run_param_quantization_severe.mp4,moderate,severe
1633,0500,run,adjacent_severity,vertex_quantization,single/0500_run_vertex_quantization_moderate.mp4,single/0500_run_vertex_quantization_mild.mp4,moderate,mild
1634,0500,run,adjacent_severity,vertex_quantization,single/0500_run_vertex_quantization_moderate.mp4,single/0500_run_vertex_quantization_severe.mp4,moderate,severe
1635,0500,run,adjacent_severity,mesh_decimation,single/0500_run_mesh_decimation_moderate.mp4,single/0500_run_mesh_decimation_mild.mp4,moderate,mild
1636,0500,run,adjacent_severity,mesh_decimation,single/0500_run_mesh_decimation_moderate.mp4,single/0500_run_mesh_decimation_severe.mp4,moderate,severe
1637,0500,run,adjacent_severity,texture_compression,single/0500_run_texture_compression_mild.mp4,single/0500_run_texture_compression_moderate.mp4,mild,moderate
1638,0500,run,adjacent_severity,texture_compression,single/0500_run_texture_compression_moderate.mp4,single/0500_run_texture_compression_severe.mp4,moderate,severe
1639,0500,run,adjacent_severity,motion_blur,single/0500_run_motion_blur_moderate.mp4,single/0500_run_motion_blur_mild.mp4,moderate,mild
1640,0500,run,adjacent_severity,motion_blur,single/0500_run_motion_blur_moderate.mp4,single/0500_run_motion_blur_severe.mp4,moderate,severe
1641,0500,run,reference_vs_mixed,jitter+texture_compression,mixed/0500_run_jitter+texture_compression_mild+mild.mp4,single/0500_run_reference.mp4,mild+mild,reference
1642,0500,run,reference_vs_mixed,jitter+texture_compression,single/0500_run_reference.mp4,mixed/0500_run_jitter+texture_compression_severe+severe.mp4,reference,severe+severe
1643,0500,run,reference_vs_mixed,frame_drop+mesh_decimation,mixed/0500_run_frame_drop+mesh_decimation_mild+mild.mp4,single/0500_run_reference.mp4,mild+mild,reference
1644,0500,run,reference_vs_mixed,frame_drop+mesh_decimation,single/0500_run_reference.mp4,mixed/0500_run_frame_drop+mesh_decimation_severe+severe.mp4,reference,severe+severe
1645,0500,run,reference_vs_mixed,joint_noise+vertex_quantization,mixed/0500_run_joint_noise+vertex_quantization_mild+mild.mp4,single/0500_run_reference.mp4,mild+mild,reference
1646,0500,run,reference_vs_mixed,joint_noise+vertex_quantization,mixed/0500_run_joint_noise+vertex_quantization_severe+severe.mp4,single/0500_run_reference.mp4,severe+severe,reference
1647,0500,run,reference_vs_mixed,smoothing+texture_compression,single/0500_run_reference.mp4,mixed/0500_run_smoothing+texture_compression_mild+mild.mp4,reference,mild+mild
1648,0500,run,reference_vs_mixed,smoothing+texture_compression,single/0500_run_reference.mp4,mixed/0500_run_smoothing+texture_compression_severe+severe.mp4,reference,severe+severe
1649,0500,run,reference_vs_mixed,param_quantization+mesh_decimation,mixed/0500_run_param_quantization+mesh_decimation_mild+mild.mp4,single/0500_run_reference.mp4,mild+mild,reference
1650,0500,run,reference_vs_mixed,param_quantization+mesh_decimation,mixed/0500_run_param_quantization+mesh_decimation_severe+severe.mp4,single/0500_run_reference.mp4,severe+severe,reference
1651,0500,run,reference_vs_mixed,motion_blur+vertex_quantization,mixed/0500_run_motion_blur+vertex_quantization_mild+mild.mp4,single/0500_run_reference.mp4,mild+mild,reference
1652,0500,run,reference_vs_mixed,motion_blur+vertex_quantization,mixed/0500_run_motion_blur+vertex_quantization_severe+severe.mp4,single/0500_run_reference.mp4,severe+severe,reference
1653,0500,walk,reference_vs_distorted,jitter,single/0500_walk_reference.mp4,single/0500_walk_jitter_mild.mp4,reference,mild
1654,0500,walk,reference_vs_distorted,jitter,single/0500_walk_reference.mp4,single/0500_walk_jitter_moderate.mp4,reference,moderate
1655,0500,walk,reference_vs_distorted,jitter,single/0500_walk_jitter_severe.mp4,single/0500_walk_reference.mp4,severe,reference
1656,0500,walk,reference_vs_distorted,joint_noise,single/0500_walk_joint_noise_mild.mp4,single/0500_walk_reference.mp4,mild,reference
1657,0500,walk,reference_vs_distorted,joint_noise,single/0500_walk_joint_noise_moderate.mp4,single/0500_walk_reference.mp4,moderate,reference
1658,0500,walk,reference_vs_distorted,joint_noise,single/0500_walk_reference.mp4,single/0500_walk_joint_noise_severe.mp4,reference,severe
1659,0500,walk,reference_vs_distorted,frame_drop,single/0500_walk_frame_drop_mild.mp4,single/0500_walk_reference.mp4,mild,reference
1660,0500,walk,reference_vs_distorted,frame_drop,single/0500_walk_frame_drop_moderate.mp4,single/0500_walk_reference.mp4,moderate,reference
1661,0500,walk,reference_vs_distorted,frame_drop,single/0500_walk_frame_drop_severe.mp4,single/0500_walk_reference.mp4,severe,reference
1662,0500,walk,reference_vs_distorted,smoothing,single/0500_walk_smoothing_mild.mp4,single/0500_walk_reference.mp4,mild,reference
1663,0500,walk,reference_vs_distorted,smoothing,single/0500_walk_reference.mp4,single/0500_walk_smoothing_moderate.mp4,reference,moderate
1664,0500,walk,reference_vs_distorted,smoothing,single/0500_walk_reference.mp4,single/0500_walk_smoothing_severe.mp4,reference,severe
1665,0500,walk,reference_vs_distorted,param_quantization,single/0500_walk_param_quantization_mild.mp4,single/0500_walk_reference.mp4,mild,reference
1666,0500,walk,reference_vs_distorted,param_quantization,single/0500_walk_reference.mp4,single/0500_walk_param_quantization_moderate.mp4,reference,moderate
1667,0500,walk,reference_vs_distorted,param_quantization,single/0500_walk_param_quantization_severe.mp4,single/0500_walk_reference.mp4,severe,reference
1668,0500,walk,reference_vs_distorted,vertex_quantization,single/0500_walk_vertex_quantization_mild.mp4,single/0500_walk_reference.mp4,mild,reference
1669,0500,walk,reference_vs_distorted,vertex_quantization,single/0500_walk_vertex_quantization_moderate.mp4,single/0500_walk_reference.mp4,moderate,reference
1670,0500,walk,reference_vs_distorted,vertex_quantization,single/0500_walk_vertex_quantization_severe.mp4,single/0500_walk_reference.mp4,severe,reference
1671,0500,walk,reference_vs_distorted,mesh_decimation,single/0500_walk_reference.mp4,single/0500_walk_mesh_decimation_mild.mp4,reference,mild
1672,0500,walk,reference_vs_distorted,mesh_decimation,single/0500_walk_reference.mp4,single/0500_walk_mesh_decimation_moderate.mp4,reference,moderate
1673,0500,walk,reference_vs_distorted,mesh_decimation,single/0500_walk_reference.mp4,single/0500_walk_mesh_decimation_severe.mp4,reference,severe
1674,0500,walk,reference_vs_distorted,texture_compression,single/0500_walk_reference.mp4,single/0500_walk_texture_compression_mild.mp4,reference,mild
1675,0500,walk,reference_vs_distorted,texture_compression,single/0500_walk_texture_compression_moderate.mp4,single/0500_walk_reference.mp4,moderate,reference
1676,0500,walk,reference_vs_distorted,texture_compression,single/0500_walk_texture_compression_severe.mp4,single/0500_walk_reference.mp4,severe,reference
1677,0500,walk,reference_vs_distorted,motion_blur,single/0500_walk_motion_blur_mild.mp4,single/0500_walk_reference.mp4,mild,reference
1678,0500,walk,reference_vs_distorted,motion_blur,single/0500_walk_reference.mp4,single/0500_walk_motion_blur_moderate.mp4,reference,moderate
1679,0500,walk,reference_vs_distorted,motion_blur,single/0500_walk_motion_blur_severe.mp4,single/0500_walk_reference.mp4,severe,reference
1680,0500,walk,adjacent_severity,jitter,single/0500_walk_jitter_moderate.mp4,single/0500_walk_jitter_mild.mp4,moderate,mild
1681,0500,walk,adjacent_severity,jitter,single/0500_walk_jitter_severe.mp4,single/0500_walk_jitter_moderate.mp4,severe,moderate
1682,0500,walk,adjacent_severity,joint_noise,single/0500_walk_joint_noise_moderate.mp4,single/0500_walk_joint_noise_mild.mp4,moderate,mild
1683,0500,walk,adjacent_severity,joint_noise,single/0500_walk_joint_noise_moderate.mp4,single/0500_walk_joint_noise_severe.mp4,moderate,severe
1684,0500,walk,adjacent_severity,frame_drop,single/0500_walk_frame_drop_moderate.mp4,single/0500_walk_frame_drop_mild.mp4,moderate,mild
1685,0500,walk,adjacent_severity,frame_drop,single/0500_walk_frame_drop_severe.mp4,single/0500_walk_frame_drop_moderate.mp4,severe,moderate
1686,0500,walk,adjacent_severity,smoothing,single/0500_walk_smoothing_moderate.mp4,single/0500_walk_smoothing_mild.mp4,moderate,mild
1687,0500,walk,adjacent_severity,smoothing,single/0500_walk_smoothing_severe.mp4,single/0500_walk_smoothing_moderate.mp4,severe,moderate
1688,0500,walk,adjacent_severity,param_quantization,single/0500_walk_param_quantization_mild.mp4,single/0500_walk_param_quantization_moderate.mp4,mild,moderate
1689,0500,walk,adjacent_severity,param_quantization,single/0500_walk_param_quantization_moderate.mp4,single/0500_walk_param_quantization_severe.mp4,moderate,severe
1690,0500,walk,adjacent_severity,vertex_quantization,single/0500_walk_vertex_quantization_moderate.mp4,single/0500_walk_vertex_quantization_mild.mp4,moderate,mild
1691,0500,walk,adjacent_severity,vertex_quantization,single/0500_walk_vertex_quantization_severe.mp4,single/0500_walk_vertex_quantization_moderate.mp4,severe,moderate
1692,0500,walk,adjacent_severity,mesh_decimation,single/0500_walk_mesh_decimation_mild.mp4,single/0500_walk_mesh_decimation_moderate.mp4,mild,moderate
1693,0500,walk,adjacent_severity,mesh_decimation,single/0500_walk_mesh_decimation_severe.mp4,single/0500_walk_mesh_decimation_moderate.mp4,severe,moderate
1694,0500,walk,adjacent_severity,texture_compression,single/0500_walk_texture_compression_moderate.mp4,single/0500_walk_texture_compression_mild.mp4,moderate,mild
1695,0500,walk,adjacent_severity,texture_compression,single/0500_walk_texture_compression_moderate.mp4,single/0500_walk_texture_compression_severe.mp4,moderate,severe
1696,0500,walk,adjacent_severity,motion_blur,single/0500_walk_motion_blur_moderate.mp4,single/0500_walk_motion_blur_mild.mp4,moderate,mild
1697,0500,walk,adjacent_severity,motion_blur,single/0500_walk_motion_blur_severe.mp4,single/0500_walk_motion_blur_moderate.mp4,severe,moderate
1698,0500,walk,reference_vs_mixed,jitter+texture_compression,single/0500_walk_reference.mp4,mixed/0500_walk_jitter+texture_compression_mild+mild.mp4,reference,mild+mild
1699,0500,walk,reference_vs_mixed,jitter+texture_compression,single/0500_walk_reference.mp4,mixed/0500_walk_jitter+texture_compression_severe+severe.mp4,reference,severe+severe
1700,0500,walk,reference_vs_mixed,frame_drop+mesh_decimation,single/0500_walk_reference.mp4,mixed/0500_walk_frame_drop+mesh_decimation_mild+mild.mp4,reference,mild+mild
1701,0500,walk,reference_vs_mixed,frame_drop+mesh_decimation,mixed/0500_walk_frame_drop+mesh_decimation_severe+severe.mp4,single/0500_walk_reference.mp4,severe+severe,reference
1702,0500,walk,reference_vs_mixed,joint_noise+vertex_quantization,mixed/0500_walk_joint_noise+vertex_quantization_mild+mild.mp4,single/0500_walk_reference.mp4,mild+mild,reference
1703,0500,walk,reference_vs_mixed,joint_noise+vertex_quantization,single/0500_walk_reference.mp4,mixed/0500_walk_joint_noise+vertex_quantization_severe+severe.mp4,reference,severe+severe
1704,0500,walk,reference_vs_mixed,smoothing+texture_compression,single/0500_walk_reference.mp4,mixed/0500_walk_smoothing+texture_compression_mild+mild.mp4,reference,mild+mild
1705,0500,walk,reference_vs_mixed,smoothing+texture_compression,mixed/0500_walk_smoothing+texture_compression_severe+severe.mp4,single/0500_walk_reference.mp4,severe+severe,reference
1706,0500,walk,reference_vs_mixed,param_quantization+mesh_decimation,mixed/0500_walk_param_quantization+mesh_decimation_mild+mild.mp4,single/0500_walk_reference.mp4,mild+mild,reference
1707,0500,walk,reference_vs_mixed,param_quantization+mesh_decimation,single/0500_walk_reference.mp4,mixed/0500_walk_param_quantization+mesh_decimation_severe+severe.mp4,reference,severe+severe
1708,0500,walk,reference_vs_mixed,motion_blur+vertex_quantization,mixed/0500_walk_motion_blur+vertex_quantization_mild+mild.mp4,single/0500_walk_reference.mp4,mild+mild,reference
1709,0500,walk,reference_vs_mixed,motion_blur+vertex_quantization,mixed/0500_walk_motion_blur+vertex_quantization_severe+severe.mp4,single/0500_walk_reference.mp4,severe+severe,reference
